record,token,surrogate,guid
11.10.1,Corinthian,Corinth,141ff5f8fa1437e987e1c854d6d4c833
11.10.10,Corinthian,Corinth,141ff5f8fa1437e987e1c854d6d4c833
11.10.11,Corinthian,Corinth,141ff5f8fa1437e987e1c854d6d4c833
11.10.12,Corinthian,Corinth,141ff5f8fa1437e987e1c854d6d4c833
11.10.13,Boeotian,Boeotia,71efc3e1c0acef72ad77d3cf1d47842f
11.10.14,Boeotian,Boeotia,71efc3e1c0acef72ad77d3cf1d47842f
11.10.15,Boeotian,Boeotia,71efc3e1c0acef72ad77d3cf1d47842f
11.10.16,Boeotian,Boeotia,71efc3e1c0acef72ad77d3cf1d47842f
11.10.19,Attic,Attica,25f3b7fd01611b0126eb002d9df4dee2
11.10.2,Attic,Attica,25f3b7fd01611b0126eb002d9df4dee2
11.10.20,Corinthian,Corinth,141ff5f8fa1437e987e1c854d6d4c833
11.10.21,Attic,Attica,25f3b7fd01611b0126eb002d9df4dee2
11.10.4,Corinthian,Corinth,141ff5f8fa1437e987e1c854d6d4c833
11.10.5,Corinthian,Corinth,141ff5f8fa1437e987e1c854d6d4c833
11.10.6,Corinthian,Corinth,141ff5f8fa1437e987e1c854d6d4c833
11.10.7,Corinthian,Corinth,141ff5f8fa1437e987e1c854d6d4c833
11.10.8,Corinthian,Corinth,141ff5f8fa1437e987e1c854d6d4c833
11.10.9,Corinthian,Corinth,141ff5f8fa1437e987e1c854d6d4c833
114.9.45,Corinthian,Corinth,141ff5f8fa1437e987e1c854d6d4c833
12.10.1,Etruscan,Etruria,d0d6df187c0159a2cf4e9a218b05653f
13.10.1,Cypriote,Cyprus,d4b4b0d3bdb029e42b121b93c6c6c85f
13.10.10,Cypriote,Cyprus,d4b4b0d3bdb029e42b121b93c6c6c85f
13.10.12,Cypriote,Cyprus,d4b4b0d3bdb029e42b121b93c6c6c85f
13.10.13,Cypriote,Cyprus,d4b4b0d3bdb029e42b121b93c6c6c85f
13.10.16,Cypriote,Cyprus,d4b4b0d3bdb029e42b121b93c6c6c85f
13.10.17,Cypriote,Cyprus,d4b4b0d3bdb029e42b121b93c6c6c85f
13.10.18,Cypriote,Cyprus,d4b4b0d3bdb029e42b121b93c6c6c85f
13.10.19,Cypriote,Cyprus,d4b4b0d3bdb029e42b121b93c6c6c85f
13.10.2,Cypriote,Cyprus,d4b4b0d3bdb029e42b121b93c6c6c85f
13.10.20,Cypriote,Cyprus,d4b4b0d3bdb029e42b121b93c6c6c85f
13.10.21,Cypriote,Cyprus,d4b4b0d3bdb029e42b121b93c6c6c85f
13.10.22,Cypriote,Cyprus,d4b4b0d3bdb029e42b121b93c6c6c85f
13.10.23,Cypriote,Cyprus,d4b4b0d3bdb029e42b121b93c6c6c85f
13.10.25,Cypriote,Cyprus,d4b4b0d3bdb029e42b121b93c6c6c85f
13.10.26,Cypriote,Cyprus,d4b4b0d3bdb029e42b121b93c6c6c85f
13.10.27,Cypriote,Cyprus,d4b4b0d3bdb029e42b121b93c6c6c85f
13.10.28,Cypriote,Cyprus,d4b4b0d3bdb029e42b121b93c6c6c85f
13.10.29,Cypriote,Cyprus,d4b4b0d3bdb029e42b121b93c6c6c85f
13.10.3,Cypriote,Cyprus,d4b4b0d3bdb029e42b121b93c6c6c85f
13.10.30,Cypriote,Cyprus,d4b4b0d3bdb029e42b121b93c6c6c85f
13.10.31,Cypriote,Cyprus,d4b4b0d3bdb029e42b121b93c6c6c85f
13.10.32,Cypriote,Cyprus,d4b4b0d3bdb029e42b121b93c6c6c85f
13.10.33,Cypriote,Cyprus,d4b4b0d3bdb029e42b121b93c6c6c85f
13.10.34,Cypriote,Cyprus,d4b4b0d3bdb029e42b121b93c6c6c85f
13.10.35,Cypriote,Cyprus,d4b4b0d3bdb029e42b121b93c6c6c85f
13.10.36,Cypriote,Cyprus,d4b4b0d3bdb029e42b121b93c6c6c85f
13.10.37,Cypriote,Cyprus,d4b4b0d3bdb029e42b121b93c6c6c85f
13.10.38,Cypriote,Cyprus,d4b4b0d3bdb029e42b121b93c6c6c85f
13.10.39,Cypriote,Cyprus,d4b4b0d3bdb029e42b121b93c6c6c85f
13.10.4A-B,Cypriote,Cyprus,d4b4b0d3bdb029e42b121b93c6c6c85f
13.10.5,Cypriote,Cyprus,d4b4b0d3bdb029e42b121b93c6c6c85f
13.10.6,Cypriot,Cyprus,d4b4b0d3bdb029e42b121b93c6c6c85f
13.10.7,Cypriote,Cyprus,d4b4b0d3bdb029e42b121b93c6c6c85f
13.10.9,Cypriote,Cyprus,d4b4b0d3bdb029e42b121b93c6c6c85f
14.10.103,Attic,Attica,25f3b7fd01611b0126eb002d9df4dee2
14.9.1,Cypriote,Cyprus,d4b4b0d3bdb029e42b121b93c6c6c85f
14.9.103,Attic,Attica,25f3b7fd01611b0126eb002d9df4dee2
14.9.105,Attic,Attica,25f3b7fd01611b0126eb002d9df4dee2
14.9.106,Attic,Attica,25f3b7fd01611b0126eb002d9df4dee2
14.9.107,Attic,Attica,25f3b7fd01611b0126eb002d9df4dee2
14.9.108,Attic,Attica,25f3b7fd01611b0126eb002d9df4dee2
14.9.109,Attic,Attica,25f3b7fd01611b0126eb002d9df4dee2
14.9.110A,Attic,Attica,25f3b7fd01611b0126eb002d9df4dee2
14.9.110B,Attic,Attica,25f3b7fd01611b0126eb002d9df4dee2
14.9.113,Attic,Attica,25f3b7fd01611b0126eb002d9df4dee2
14.9.114,Boeotian,Boeotia,71efc3e1c0acef72ad77d3cf1d47842f
14.9.114BIS,Attic,Attica,25f3b7fd01611b0126eb002d9df4dee2
14.9.115,Boeotian,Boeotia,71efc3e1c0acef72ad77d3cf1d47842f
14.9.117,Cypriote,Cyprus,d4b4b0d3bdb029e42b121b93c6c6c85f
14.9.118,Cypriote,Cyprus,d4b4b0d3bdb029e42b121b93c6c6c85f
14.9.119,Cypriote,Cyprus,d4b4b0d3bdb029e42b121b93c6c6c85f
14.9.120,Boeotian,Boeotia,71efc3e1c0acef72ad77d3cf1d47842f
14.9.2,Cypriote,Cyprus,d4b4b0d3bdb029e42b121b93c6c6c85f
14.9.3,Cypriote,Cyprus,d4b4b0d3bdb029e42b121b93c6c6c85f
14.9.4,Cypriote,Cyprus,d4b4b0d3bdb029e42b121b93c6c6c85f
14.9.5,Cypriote,Cyprus,d4b4b0d3bdb029e42b121b93c6c6c85f
14.9.57,Attic,Attica,25f3b7fd01611b0126eb002d9df4dee2
14.9.58,Corinthian,Corinth,141ff5f8fa1437e987e1c854d6d4c833
14.9.59,Corinthian,Corinth,141ff5f8fa1437e987e1c854d6d4c833
14.9.6,Cypriote,Cyprus,d4b4b0d3bdb029e42b121b93c6c6c85f
14.9.60,Corinthian,Corinth,141ff5f8fa1437e987e1c854d6d4c833
14.9.61,Corinthian,Corinth,141ff5f8fa1437e987e1c854d6d4c833
14.9.62,Corinthian,Corinth,141ff5f8fa1437e987e1c854d6d4c833
14.9.63,Corinthian,Corinth,141ff5f8fa1437e987e1c854d6d4c833
14.9.64,Corinthian,Corinth,141ff5f8fa1437e987e1c854d6d4c833
14.9.65,Corinthian,Corinth,141ff5f8fa1437e987e1c854d6d4c833
14.9.66,Corinthian,Corinth,141ff5f8fa1437e987e1c854d6d4c833
14.9.68,Corinthian,Corinth,141ff5f8fa1437e987e1c854d6d4c833
14.9.69,Corinthian,Corinth,141ff5f8fa1437e987e1c854d6d4c833
14.9.70,Corinthian,Corinth,141ff5f8fa1437e987e1c854d6d4c833
14.9.71,Corinthian,Corinth,141ff5f8fa1437e987e1c854d6d4c833
14.9.74,Chiot,Chios,8034cf3799fd7a862652bd4e8dcfe3ce
14.9.82,Attic,Attica,25f3b7fd01611b0126eb002d9df4dee2
14.9.83,Attic,Attica,25f3b7fd01611b0126eb002d9df4dee2
14.9.84,Corinthian,Corinth,141ff5f8fa1437e987e1c854d6d4c833
14.9.85,Attic,Attica,25f3b7fd01611b0126eb002d9df4dee2
14.9.86,Attic,Attica,25f3b7fd01611b0126eb002d9df4dee2
14.9.87,Attic,Attica,25f3b7fd01611b0126eb002d9df4dee2
14.9.89,Attic,Attica,25f3b7fd01611b0126eb002d9df4dee2
14.9.91,Attic,Attica,25f3b7fd01611b0126eb002d9df4dee2
14.9.92,Attic,Attica,25f3b7fd01611b0126eb002d9df4dee2
16.2.1,Campanian,Campania,8c228487537c52ab41e544c8c9657c8d
20.4.1,Attic,Attica,25f3b7fd01611b0126eb002d9df4dee2
2003.3.37,Boeotian,Boeotia,71efc3e1c0acef72ad77d3cf1d47842f
2003.6.18,Laconian,Laconia,a4ef5299e7d52d07d5947c955dcd08af
2003.7.15,Laconian,Laconia,a4ef5299e7d52d07d5947c955dcd08af
2003.7.16,Laconian,Laconia,a4ef5299e7d52d07d5947c955dcd08af
2003.7.17,Laconian,Laconia,a4ef5299e7d52d07d5947c955dcd08af
2003.7.18,Laconian,Laconia,a4ef5299e7d52d07d5947c955dcd08af
2003.7.19,Laconian,Laconia,a4ef5299e7d52d07d5947c955dcd08af
2003.7.20,Laconian,Laconia,a4ef5299e7d52d07d5947c955dcd08af
2003.7.21,Laconian,Laconia,a4ef5299e7d52d07d5947c955dcd08af
2003.7.22,Laconian,Laconia,a4ef5299e7d52d07d5947c955dcd08af
2003.7.23,Laconian,Laconia,a4ef5299e7d52d07d5947c955dcd08af
2003.7.24,Laconian,Laconia,a4ef5299e7d52d07d5947c955dcd08af
2003.7.25,Laconian,Laconia,a4ef5299e7d52d07d5947c955dcd08af
2003.7.26,Laconian,Laconia,a4ef5299e7d52d07d5947c955dcd08af
2003.7.27,Laconian,Laconia,a4ef5299e7d52d07d5947c955dcd08af
2003.7.28,Laconian,Laconia,a4ef5299e7d52d07d5947c955dcd08af
2003.7.77,Attic,Attica,25f3b7fd01611b0126eb002d9df4dee2
2004.10.1,Cypriote,Cyprus,d4b4b0d3bdb029e42b121b93c6c6c85f
2004.10.2,Attic,Attica,25f3b7fd01611b0126eb002d9df4dee2
2004.8.1,Attic,Attica,25f3b7fd01611b0126eb002d9df4dee2
2004.8.2A,Attic,Attica,25f3b7fd01611b0126eb002d9df4dee2
2004.8.2B,Attic,Attica,25f3b7fd01611b0126eb002d9df4dee2
2004.8.3,Attic,Attica,25f3b7fd01611b0126eb002d9df4dee2
2004.8.4,Attic,Attica,25f3b7fd01611b0126eb002d9df4dee2
2004.8.5,Attic,Attica,25f3b7fd01611b0126eb002d9df4dee2
2004.8.6,Attic,Attica,25f3b7fd01611b0126eb002d9df4dee2
2005.2.3,Attic,Attica,25f3b7fd01611b0126eb002d9df4dee2
2005.2.4,Attic,Attica,25f3b7fd01611b0126eb002d9df4dee2
2005.2.5,Attic,Attica,25f3b7fd01611b0126eb002d9df4dee2
2005.3.10,Corinthian,Corinth,141ff5f8fa1437e987e1c854d6d4c833
2005.3.11,Corinthian,Corinth,141ff5f8fa1437e987e1c854d6d4c833
2005.3.12,Corinthian,Corinth,141ff5f8fa1437e987e1c854d6d4c833
2005.3.24,Corinthian,Corinth,141ff5f8fa1437e987e1c854d6d4c833
2005.3.25A-C,Attic,Attica,25f3b7fd01611b0126eb002d9df4dee2
2005.3.26,Attic,Attica,25f3b7fd01611b0126eb002d9df4dee2
2005.3.27,Attic,Attica,25f3b7fd01611b0126eb002d9df4dee2
2005.3.28A-B,Boeotian,Boeotia,71efc3e1c0acef72ad77d3cf1d47842f
2005.3.29,Boeotian,Boeotia,71efc3e1c0acef72ad77d3cf1d47842f
2005.3.31,Boeotian,Boeotia,71efc3e1c0acef72ad77d3cf1d47842f
2005.3.32,Boeotian,Boeotia,71efc3e1c0acef72ad77d3cf1d47842f
2005.3.33,Boeotian,Boeotia,71efc3e1c0acef72ad77d3cf1d47842f
2005.3.34,Boeotian,Boeotia,71efc3e1c0acef72ad77d3cf1d47842f
2005.3.35,Boeotian,Boeotia,71efc3e1c0acef72ad77d3cf1d47842f
2005.3.36,Boeotian,Boeotia,71efc3e1c0acef72ad77d3cf1d47842f
2005.3.38,Boeotian,Boeotia,71efc3e1c0acef72ad77d3cf1d47842f
2005.3.39,Boeotian,Boeotia,71efc3e1c0acef72ad77d3cf1d47842f
2005.3.40,Boeotian,Boeotia,71efc3e1c0acef72ad77d3cf1d47842f
2005.3.41,Boeotian,Boeotia,71efc3e1c0acef72ad77d3cf1d47842f
2005.3.7,Corinthian,Corinth,141ff5f8fa1437e987e1c854d6d4c833
2005.3.8,Corinthian,Corinth,141ff5f8fa1437e987e1c854d6d4c833
2005.3.9,Corinthian,Corinth,141ff5f8fa1437e987e1c854d6d4c833
2005.8.10,Corinthian,Corinth,141ff5f8fa1437e987e1c854d6d4c833
2005.8.14,Roman,Rome,a724bc995b30fb23f3844fdcb61e35ae
2005.8.3,Boeotian,Boeotia,71efc3e1c0acef72ad77d3cf1d47842f
2005.8.4,Boeotian,Boeotia,71efc3e1c0acef72ad77d3cf1d47842f
2005.8.5,Boeotian,Boeotia,71efc3e1c0acef72ad77d3cf1d47842f
2005.8.6,Boeotian,Boeotia,71efc3e1c0acef72ad77d3cf1d47842f
2005.8.8,Attic,Attica,25f3b7fd01611b0126eb002d9df4dee2
2005.9.10,Athenian,Athens,a406cf496a8c5063afe549f34fc66b04
2005.9.7,Athenian,Athens,a406cf496a8c5063afe549f34fc66b04
2005.9.8,Athenian,Athens,a406cf496a8c5063afe549f34fc66b04
2005.9.9,Athenian,Athens,a406cf496a8c5063afe549f34fc66b04
2006.12.6,Attic,Attica,25f3b7fd01611b0126eb002d9df4dee2
2006.8.4.84,Attic,Attica,25f3b7fd01611b0126eb002d9df4dee2
2006.8.4.85,Attic,Attica,25f3b7fd01611b0126eb002d9df4dee2
2006.8.4.87,Attic,Attica,25f3b7fd01611b0126eb002d9df4dee2
2006.8.4.89,Attic,Attica,25f3b7fd01611b0126eb002d9df4dee2
2006.8.4.95,Attic,Attica,25f3b7fd01611b0126eb002d9df4dee2
2006.8.4.96,Attic,Attica,25f3b7fd01611b0126eb002d9df4dee2
2006.8.4.98,Attic,Attica,25f3b7fd01611b0126eb002d9df4dee2
2007.1.2A,Athenian,Athens,a406cf496a8c5063afe549f34fc66b04
2007.1.2B,Athenian,Athens,a406cf496a8c5063afe549f34fc66b04
2007.7.1A-S,Attic,Attica,25f3b7fd01611b0126eb002d9df4dee2
2008.7.101,Athenian,Athens,a406cf496a8c5063afe549f34fc66b04
22.3.1,Attic,Attica,25f3b7fd01611b0126eb002d9df4dee2
22.3.11,Apulian,Apulia,0bfa573b9c541e696ef37a034b654cc5
22.3.12,Lucanian,Lucania,2290208ce4ef45bb218d5f424af012a2
22.3.13,Apulian,Apulia,0bfa573b9c541e696ef37a034b654cc5
22.3.14,Apulian,Apulia,0bfa573b9c541e696ef37a034b654cc5
22.3.15,Apulian,Apulia,0bfa573b9c541e696ef37a034b654cc5
22.3.16,Apulian,Apulia,0bfa573b9c541e696ef37a034b654cc5
22.3.16BIS,Apulian,Apulia,0bfa573b9c541e696ef37a034b654cc5
22.3.17,Lucanian,Lucania,2290208ce4ef45bb218d5f424af012a2
22.3.18,Lucanian,Lucania,2290208ce4ef45bb218d5f424af012a2
22.3.19,Attic,Attica,25f3b7fd01611b0126eb002d9df4dee2
22.3.2,Attic,Attica,25f3b7fd01611b0126eb002d9df4dee2
22.3.20,Attic,Attica,25f3b7fd01611b0126eb002d9df4dee2
22.3.20,Lucanian,Lucania,2290208ce4ef45bb218d5f424af012a2
22.3.21,Apulian,Apulia,0bfa573b9c541e696ef37a034b654cc5
22.3.21,Attic,Attica,25f3b7fd01611b0126eb002d9df4dee2
22.3.22,Apulian,Apulia,0bfa573b9c541e696ef37a034b654cc5
22.3.23,Paestan,Paestum,264ca009a6be9b23de0c0812a45a4dd2
22.3.24,Apulian,Apulia,0bfa573b9c541e696ef37a034b654cc5
22.3.25,Apulian,Apulia,0bfa573b9c541e696ef37a034b654cc5
22.3.26,Apulian,Apulia,0bfa573b9c541e696ef37a034b654cc5
22.3.27,Apulian,Apulia,0bfa573b9c541e696ef37a034b654cc5
22.3.28,Apulian,Apulia,0bfa573b9c541e696ef37a034b654cc5
22.3.29,Apulian,Apulia,0bfa573b9c541e696ef37a034b654cc5
22.3.30,Apulian,Apulia,0bfa573b9c541e696ef37a034b654cc5
22.3.32,Apulian,Apulia,0bfa573b9c541e696ef37a034b654cc5
22.3.34,Apulian,Apulia,0bfa573b9c541e696ef37a034b654cc5
22.3.39,Gnathian,Gnathia,b7d4ce48586c23a554a3c6a34e9e9403
22.3.4,Apulian,Apulia,0bfa573b9c541e696ef37a034b654cc5
22.3.40,Gnathian,Gnathia,b7d4ce48586c23a554a3c6a34e9e9403
22.3.41,Daunian,Daunii,1944889c431d6b3013e759cd8fed62e9
22.3.42,Corinthian,Corinth,141ff5f8fa1437e987e1c854d6d4c833
22.3.43,Campanian,Campania,8c228487537c52ab41e544c8c9657c8d
22.3.5,Apulian,Apulia,0bfa573b9c541e696ef37a034b654cc5
22.3.5A-B,Apulian,Apulia,0bfa573b9c541e696ef37a034b654cc5
22.3.6,Attic,Attica,25f3b7fd01611b0126eb002d9df4dee2
22.9.1,Boeotian,Boeotia,71efc3e1c0acef72ad77d3cf1d47842f
22.9.2,Euboean,Euboea,fe25feef53c2a53419b9cf5d730a80a4
22.9.3,Boeotian,Boeotia,71efc3e1c0acef72ad77d3cf1d47842f
22.9.4,Boeotian,Boeotia,71efc3e1c0acef72ad77d3cf1d47842f
22.9.5,Boeotian,Boeotia,71efc3e1c0acef72ad77d3cf1d47842f
22.9.7,Corinthian,Corinth,141ff5f8fa1437e987e1c854d6d4c833
22.9.8,Boeotian,Boeotia,71efc3e1c0acef72ad77d3cf1d47842f
23.11.1,Laconian,Laconia,a4ef5299e7d52d07d5947c955dcd08af
23.11.10,Laconian,Laconia,a4ef5299e7d52d07d5947c955dcd08af
23.11.11,Laconian,Laconia,a4ef5299e7d52d07d5947c955dcd08af
23.11.13,Laconian,Laconia,a4ef5299e7d52d07d5947c955dcd08af
23.11.15,Laconian,Laconia,a4ef5299e7d52d07d5947c955dcd08af
23.11.16,Laconian,Laconia,a4ef5299e7d52d07d5947c955dcd08af
23.11.18,Laconian,Laconia,a4ef5299e7d52d07d5947c955dcd08af
23.11.19,Laconian,Laconia,a4ef5299e7d52d07d5947c955dcd08af
23.11.20,Laconian,Laconia,a4ef5299e7d52d07d5947c955dcd08af
23.11.22,Laconian,Laconia,a4ef5299e7d52d07d5947c955dcd08af
23.11.23,Laconian,Laconia,a4ef5299e7d52d07d5947c955dcd08af
23.11.24,Laconian,Laconia,a4ef5299e7d52d07d5947c955dcd08af
23.11.25,Laconian,Laconia,a4ef5299e7d52d07d5947c955dcd08af
23.11.26,Laconian,Laconia,a4ef5299e7d52d07d5947c955dcd08af
23.11.27,Laconian,Laconia,a4ef5299e7d52d07d5947c955dcd08af
23.11.3,Laconian,Laconia,a4ef5299e7d52d07d5947c955dcd08af
23.11.31A,Spartan,Sparta,25cbf9e7c98b8b4570b8ca66754c7dc1
23.11.31A2,Spartan,Sparta,25cbf9e7c98b8b4570b8ca66754c7dc1
23.11.31B,Spartan,Sparta,25cbf9e7c98b8b4570b8ca66754c7dc1
23.11.31B1,Spartan,Sparta,25cbf9e7c98b8b4570b8ca66754c7dc1
23.11.31B2,Spartan,Sparta,25cbf9e7c98b8b4570b8ca66754c7dc1
23.11.31BB,Spartan,Sparta,25cbf9e7c98b8b4570b8ca66754c7dc1
23.11.31C,Spartan,Sparta,25cbf9e7c98b8b4570b8ca66754c7dc1
23.11.31C2,Spartan,Sparta,25cbf9e7c98b8b4570b8ca66754c7dc1
23.11.31D,Spartan,Sparta,25cbf9e7c98b8b4570b8ca66754c7dc1
23.11.31E,Spartan,Sparta,25cbf9e7c98b8b4570b8ca66754c7dc1
23.11.31F,Spartan,Sparta,25cbf9e7c98b8b4570b8ca66754c7dc1
23.11.31G,Spartan,Sparta,25cbf9e7c98b8b4570b8ca66754c7dc1
23.11.31H,Spartan,Sparta,25cbf9e7c98b8b4570b8ca66754c7dc1
23.11.31HH,Spartan,Sparta,25cbf9e7c98b8b4570b8ca66754c7dc1
23.11.31I,Spartan,Sparta,25cbf9e7c98b8b4570b8ca66754c7dc1
23.11.31IIII,Spartan,Sparta,25cbf9e7c98b8b4570b8ca66754c7dc1
23.11.31J,Spartan,Sparta,25cbf9e7c98b8b4570b8ca66754c7dc1
23.11.31K,Spartan,Sparta,25cbf9e7c98b8b4570b8ca66754c7dc1
23.11.31K1,Spartan,Sparta,25cbf9e7c98b8b4570b8ca66754c7dc1
23.11.31K2,Spartan,Sparta,25cbf9e7c98b8b4570b8ca66754c7dc1
23.11.31KK,Spartan,Sparta,25cbf9e7c98b8b4570b8ca66754c7dc1
23.11.31L,Spartan,Sparta,25cbf9e7c98b8b4570b8ca66754c7dc1
23.11.31M,Spartan,Sparta,25cbf9e7c98b8b4570b8ca66754c7dc1
23.11.31MMM,Spartan,Sparta,25cbf9e7c98b8b4570b8ca66754c7dc1
23.11.31N,Spartan,Sparta,25cbf9e7c98b8b4570b8ca66754c7dc1
23.11.31NNNN,Spartan,Sparta,25cbf9e7c98b8b4570b8ca66754c7dc1
23.11.31OO,Spartan,Sparta,25cbf9e7c98b8b4570b8ca66754c7dc1
23.11.31Q,Spartan,Sparta,25cbf9e7c98b8b4570b8ca66754c7dc1
23.11.31QQQQ,Spartan,Sparta,25cbf9e7c98b8b4570b8ca66754c7dc1
23.11.31RR,Spartan,Sparta,25cbf9e7c98b8b4570b8ca66754c7dc1
23.11.31RRRR,Spartan,Sparta,25cbf9e7c98b8b4570b8ca66754c7dc1
23.11.31T,Spartan,Sparta,25cbf9e7c98b8b4570b8ca66754c7dc1
23.11.31UU,Spartan,Sparta,25cbf9e7c98b8b4570b8ca66754c7dc1
23.11.31V,Spartan,Sparta,25cbf9e7c98b8b4570b8ca66754c7dc1
23.11.31X1,Spartan,Sparta,25cbf9e7c98b8b4570b8ca66754c7dc1
23.11.31XXX,Spartan,Sparta,25cbf9e7c98b8b4570b8ca66754c7dc1
23.11.31Y,Spartan,Sparta,25cbf9e7c98b8b4570b8ca66754c7dc1
23.11.31Z,Spartan,Sparta,25cbf9e7c98b8b4570b8ca66754c7dc1
23.11.31ZZ,Spartan,Sparta,25cbf9e7c98b8b4570b8ca66754c7dc1
23.11.4,Laconian,Laconia,a4ef5299e7d52d07d5947c955dcd08af
23.11.5,Laconian,Laconia,a4ef5299e7d52d07d5947c955dcd08af
23.11.6,Laconian,Laconia,a4ef5299e7d52d07d5947c955dcd08af
23.11.7,Laconian,Laconia,a4ef5299e7d52d07d5947c955dcd08af
23.11.8,Laconian,Laconia,a4ef5299e7d52d07d5947c955dcd08af
23.11.9,Laconian,Laconia,a4ef5299e7d52d07d5947c955dcd08af
23.4.1,Attic,Attica,25f3b7fd01611b0126eb002d9df4dee2
25.4.2,Boeotian,Boeotia,71efc3e1c0acef72ad77d3cf1d47842f
25.6.1,Corinthian,Corinth,141ff5f8fa1437e987e1c854d6d4c833
25.6.10,Boeotian,Boeotia,71efc3e1c0acef72ad77d3cf1d47842f
25.6.11,Boeotian,Boeotia,71efc3e1c0acef72ad77d3cf1d47842f
25.6.12,Boeotian,Boeotia,71efc3e1c0acef72ad77d3cf1d47842f
25.6.2,Boeotian,Boeotia,71efc3e1c0acef72ad77d3cf1d47842f
25.6.3,Attic,Attica,25f3b7fd01611b0126eb002d9df4dee2
25.6.7,Boeotian,Boeotia,71efc3e1c0acef72ad77d3cf1d47842f
25.6.8,Boeotian,Boeotia,71efc3e1c0acef72ad77d3cf1d47842f
25.6.9,Boeotian,Boeotia,71efc3e1c0acef72ad77d3cf1d47842f
25.8.1,Attic,Attica,25f3b7fd01611b0126eb002d9df4dee2
25.8.2,Attic,Attica,25f3b7fd01611b0126eb002d9df4dee2
25.8.3,Corinthian,Corinth,141ff5f8fa1437e987e1c854d6d4c833
25.8.4,Corinthian,Corinth,141ff5f8fa1437e987e1c854d6d4c833
25.8.5,Boeotian,Boeotia,71efc3e1c0acef72ad77d3cf1d47842f
25.8.6,Euboean,Euboea,fe25feef53c2a53419b9cf5d730a80a4
25.8.7,Attic,Attica,25f3b7fd01611b0126eb002d9df4dee2
25.9.1,Attic,Attica,25f3b7fd01611b0126eb002d9df4dee2
25.9.2,Attic,Attica,25f3b7fd01611b0126eb002d9df4dee2
25.9.3,Attic,Attica,25f3b7fd01611b0126eb002d9df4dee2
25.9.4,Attic,Attica,25f3b7fd01611b0126eb002d9df4dee2
25.9.4,Corinthian,Corinth,141ff5f8fa1437e987e1c854d6d4c833
26.12.1,Corinthian,Corinth,141ff5f8fa1437e987e1c854d6d4c833
26.12.10,Attic,Attica,25f3b7fd01611b0126eb002d9df4dee2
26.12.11,Attic,Attica,25f3b7fd01611b0126eb002d9df4dee2
26.12.12,Attic,Attica,25f3b7fd01611b0126eb002d9df4dee2
26.12.13,Attic,Attica,25f3b7fd01611b0126eb002d9df4dee2
26.12.14,Attic,Attica,25f3b7fd01611b0126eb002d9df4dee2
26.12.15,Attic,Attica,25f3b7fd01611b0126eb002d9df4dee2
26.12.16,Attic,Attica,25f3b7fd01611b0126eb002d9df4dee2
26.12.17,Attic,Attica,25f3b7fd01611b0126eb002d9df4dee2
26.12.18,Attic,Attica,25f3b7fd01611b0126eb002d9df4dee2
26.12.19,Attic,Attica,25f3b7fd01611b0126eb002d9df4dee2
26.12.20,Boeotian,Boeotia,71efc3e1c0acef72ad77d3cf1d47842f
26.12.21,Boeotian,Boeotia,71efc3e1c0acef72ad77d3cf1d47842f
26.12.23,Boeotian,Boeotia,71efc3e1c0acef72ad77d3cf1d47842f
26.12.24A-B,Boeotian,Boeotia,71efc3e1c0acef72ad77d3cf1d47842f
26.12.25,Attic,Attica,25f3b7fd01611b0126eb002d9df4dee2
26.12.26,Attic,Attica,25f3b7fd01611b0126eb002d9df4dee2
26.12.28,Boeotian,Boeotia,71efc3e1c0acef72ad77d3cf1d47842f
26.12.29,Boeotian,Boeotia,71efc3e1c0acef72ad77d3cf1d47842f
26.12.29,Euboean,Euboea,fe25feef53c2a53419b9cf5d730a80a4
26.12.2A-B,Corinthian,Corinth,141ff5f8fa1437e987e1c854d6d4c833
26.12.3,Corinthian,Corinth,141ff5f8fa1437e987e1c854d6d4c833
26.12.30,Boeotian,Boeotia,71efc3e1c0acef72ad77d3cf1d47842f
26.12.31,Boeotian,Boeotia,71efc3e1c0acef72ad77d3cf1d47842f
26.12.32,Boeotian,Boeotia,71efc3e1c0acef72ad77d3cf1d47842f
26.12.33,Boeotian,Boeotia,71efc3e1c0acef72ad77d3cf1d47842f
26.12.34,Attic,Attica,25f3b7fd01611b0126eb002d9df4dee2
26.12.4,Corinthian,Corinth,141ff5f8fa1437e987e1c854d6d4c833
26.12.5,Corinthian,Corinth,141ff5f8fa1437e987e1c854d6d4c833
26.12.6,Corinthian,Corinth,141ff5f8fa1437e987e1c854d6d4c833
26.12.7,Boeotian,Boeotia,71efc3e1c0acef72ad77d3cf1d47842f
26.12.8,Euboean,Euboea,fe25feef53c2a53419b9cf5d730a80a4
26.12.9,Euboean,Euboea,fe25feef53c2a53419b9cf5d730a80a4
26.2.1,Attic,Attica,25f3b7fd01611b0126eb002d9df4dee2
26.2.2,Attic,Attica,25f3b7fd01611b0126eb002d9df4dee2
26.2.3,Corinthian,Corinth,141ff5f8fa1437e987e1c854d6d4c833
26.2.4,Corinthian,Corinth,141ff5f8fa1437e987e1c854d6d4c833
26.2.59,Chiot,Chios,8034cf3799fd7a862652bd4e8dcfe3ce
26.2.60,Chiot,Chios,8034cf3799fd7a862652bd4e8dcfe3ce
26.2.61,Chiot,Chios,8034cf3799fd7a862652bd4e8dcfe3ce
26.2.62,Chiot,Chios,8034cf3799fd7a862652bd4e8dcfe3ce
26.2.63,Chiot,Chios,8034cf3799fd7a862652bd4e8dcfe3ce
26.2.64,Chiot,Chios,8034cf3799fd7a862652bd4e8dcfe3ce
26.2.65,Chiot,Chios,8034cf3799fd7a862652bd4e8dcfe3ce
26.2.66,Chiot,Chios,8034cf3799fd7a862652bd4e8dcfe3ce
26.2.67,Chiot,Chios,8034cf3799fd7a862652bd4e8dcfe3ce
26.2.68,Chiot,Chios,8034cf3799fd7a862652bd4e8dcfe3ce
26.2.69,Chiot,Chios,8034cf3799fd7a862652bd4e8dcfe3ce
26.2.70,Chiot,Chios,8034cf3799fd7a862652bd4e8dcfe3ce
26.2.71,Chiot,Chios,8034cf3799fd7a862652bd4e8dcfe3ce
26.2.72,Chiot,Chios,8034cf3799fd7a862652bd4e8dcfe3ce
26.2.73,Chiot,Chios,8034cf3799fd7a862652bd4e8dcfe3ce
26.2.79,Laconian,Laconia,a4ef5299e7d52d07d5947c955dcd08af
26.2.82,Laconian,Laconia,a4ef5299e7d52d07d5947c955dcd08af
26.2.83,Laconian,Laconia,a4ef5299e7d52d07d5947c955dcd08af
26.2.84,Corinthian,Corinth,141ff5f8fa1437e987e1c854d6d4c833
26.2.85,Corinthian,Corinth,141ff5f8fa1437e987e1c854d6d4c833
26.2.86,Corinthian,Corinth,141ff5f8fa1437e987e1c854d6d4c833
26.2.87,Corinthian,Corinth,141ff5f8fa1437e987e1c854d6d4c833
26.2.88,Corinthian,Corinth,141ff5f8fa1437e987e1c854d6d4c833
26.2.89,Corinthian,Corinth,141ff5f8fa1437e987e1c854d6d4c833
26.2.90,Corinthian,Corinth,141ff5f8fa1437e987e1c854d6d4c833
26.2.91,Corinthian,Corinth,141ff5f8fa1437e987e1c854d6d4c833
26.2.92,Corinthian,Corinth,141ff5f8fa1437e987e1c854d6d4c833
26.2.93,Attic,Attica,25f3b7fd01611b0126eb002d9df4dee2
26.2.94,Attic,Attica,25f3b7fd01611b0126eb002d9df4dee2
26.2.95,Attic,Attica,25f3b7fd01611b0126eb002d9df4dee2
26.2.96,Attic,Attica,25f3b7fd01611b0126eb002d9df4dee2
26.2.97,Attic,Attica,25f3b7fd01611b0126eb002d9df4dee2
26.4.1A-B,Boeotian,Boeotia,71efc3e1c0acef72ad77d3cf1d47842f
26.4.2,Boeotian,Boeotia,71efc3e1c0acef72ad77d3cf1d47842f
26.4.3,Boeotian,Boeotia,71efc3e1c0acef72ad77d3cf1d47842f
26.4.3A-B,Euboean,Euboea,fe25feef53c2a53419b9cf5d730a80a4
26.4.4,Boeotian,Boeotia,71efc3e1c0acef72ad77d3cf1d47842f
26.4.5,Boeotian,Boeotia,71efc3e1c0acef72ad77d3cf1d47842f
26.5.1,Attic,Attica,25f3b7fd01611b0126eb002d9df4dee2
26.5.2,Corinthian,Corinth,141ff5f8fa1437e987e1c854d6d4c833
26.7.1,Attic,Attica,25f3b7fd01611b0126eb002d9df4dee2
26.7.10,Boeotian,Boeotia,71efc3e1c0acef72ad77d3cf1d47842f
26.7.11,Boeotian,Boeotia,71efc3e1c0acef72ad77d3cf1d47842f
26.7.12,Boeotian,Boeotia,71efc3e1c0acef72ad77d3cf1d47842f
26.7.14,Boeotian,Boeotia,71efc3e1c0acef72ad77d3cf1d47842f
26.7.15,Boeotian,Boeotia,71efc3e1c0acef72ad77d3cf1d47842f
26.7.2,Attic,Attica,25f3b7fd01611b0126eb002d9df4dee2
26.7.3,Boeotian,Boeotia,71efc3e1c0acef72ad77d3cf1d47842f
26.7.4,Corinthian,Corinth,141ff5f8fa1437e987e1c854d6d4c833
26.7.5,Corinthian,Corinth,141ff5f8fa1437e987e1c854d6d4c833
26.7.6,Corinthian,Corinth,141ff5f8fa1437e987e1c854d6d4c833
26.7.7,Boeotian,Boeotia,71efc3e1c0acef72ad77d3cf1d47842f
26.7.8,Attic,Attica,25f3b7fd01611b0126eb002d9df4dee2
26.7.9,Tanagra,Tanagra,ec2df732af251e69fe9e79f609b1c1b5
26.8.1,Attic,Attica,25f3b7fd01611b0126eb002d9df4dee2
26.8.2,Corinthian,Corinth,141ff5f8fa1437e987e1c854d6d4c833
26.8.3,Attic,Attica,25f3b7fd01611b0126eb002d9df4dee2
27.3.1,Protocorinthian,Corinth,141ff5f8fa1437e987e1c854d6d4c833
27.3.10,Corinthian,Corinth,141ff5f8fa1437e987e1c854d6d4c833
27.3.2,Corinthian,Corinth,141ff5f8fa1437e987e1c854d6d4c833
27.3.3,Corinthian,Corinth,141ff5f8fa1437e987e1c854d6d4c833
27.3.4,Corinthian,Corinth,141ff5f8fa1437e987e1c854d6d4c833
27.3.5,Corinthian,Corinth,141ff5f8fa1437e987e1c854d6d4c833
27.3.6,Corinthian,Corinth,141ff5f8fa1437e987e1c854d6d4c833
27.3.7,Corinthian,Corinth,141ff5f8fa1437e987e1c854d6d4c833
27.3.8,Corinthian,Corinth,141ff5f8fa1437e987e1c854d6d4c833
27.3.9,Corinthian,Corinth,141ff5f8fa1437e987e1c854d6d4c833
27.4.1,Euboean,Euboea,fe25feef53c2a53419b9cf5d730a80a4
27.4.10,Corinthian,Corinth,141ff5f8fa1437e987e1c854d6d4c833
27.4.11,Boeotian,Boeotia,71efc3e1c0acef72ad77d3cf1d47842f
27.4.12,Boeotian,Boeotia,71efc3e1c0acef72ad77d3cf1d47842f
27.4.13,Boeotian,Boeotia,71efc3e1c0acef72ad77d3cf1d47842f
27.4.14,Boeotian,Boeotia,71efc3e1c0acef72ad77d3cf1d47842f
27.4.15,Attic,Attica,25f3b7fd01611b0126eb002d9df4dee2
27.4.2,Boeotian,Boeotia,71efc3e1c0acef72ad77d3cf1d47842f
27.4.3,Boeotian,Boeotia,71efc3e1c0acef72ad77d3cf1d47842f
27.4.4,Attic,Attica,25f3b7fd01611b0126eb002d9df4dee2
27.4.5,Boeotian,Boeotia,71efc3e1c0acef72ad77d3cf1d47842f
27.4.6,Boeotian,Boeotia,71efc3e1c0acef72ad77d3cf1d47842f
27.4.7,Attic,Attica,25f3b7fd01611b0126eb002d9df4dee2
27.4.8,Boeotian,Boeotia,71efc3e1c0acef72ad77d3cf1d47842f
27.4.9,Corinthian,Corinth,141ff5f8fa1437e987e1c854d6d4c833
27.6.75,Attic,Attica,25f3b7fd01611b0126eb002d9df4dee2
28.6.1,Attic,Attica,25f3b7fd01611b0126eb002d9df4dee2
28.6.2,Attic,Attica,25f3b7fd01611b0126eb002d9df4dee2
28.6.3,Attic,Attica,25f3b7fd01611b0126eb002d9df4dee2
28.6.4,Attic,Attica,25f3b7fd01611b0126eb002d9df4dee2
28.6.5,Attic,Attica,25f3b7fd01611b0126eb002d9df4dee2
28.6.6,Corinthian,Corinth,141ff5f8fa1437e987e1c854d6d4c833
28.9.1,Attic,Attica,25f3b7fd01611b0126eb002d9df4dee2
29.11.1,Attic,Attica,25f3b7fd01611b0126eb002d9df4dee2
29.11.11,Boeotian,Boeotia,71efc3e1c0acef72ad77d3cf1d47842f
29.11.12,Boeotian,Boeotia,71efc3e1c0acef72ad77d3cf1d47842f
29.11.15,Attic,Attica,25f3b7fd01611b0126eb002d9df4dee2
29.11.2,Attic,Attica,25f3b7fd01611b0126eb002d9df4dee2
29.11.3,Attic,Attica,25f3b7fd01611b0126eb002d9df4dee2
29.11.4,Attic,Attica,25f3b7fd01611b0126eb002d9df4dee2
29.11.5,Attic,Attica,25f3b7fd01611b0126eb002d9df4dee2
29.11.6,Boeotian,Boeotia,71efc3e1c0acef72ad77d3cf1d47842f
29.11.7,Boeotian,Boeotia,71efc3e1c0acef72ad77d3cf1d47842f
29.11.8,Boeotian,Boeotia,71efc3e1c0acef72ad77d3cf1d47842f
29.3.39,Gnathian,Gnathia,b7d4ce48586c23a554a3c6a34e9e9403
29.4.1,Laconian,Laconia,a4ef5299e7d52d07d5947c955dcd08af
29.4.2,Sicilian,Sicily,b48d97bf448e4050e51aee91a51f22d6
29.5.1,Attic,Attica,25f3b7fd01611b0126eb002d9df4dee2
29.5.2,Boeotian,Boeotia,71efc3e1c0acef72ad77d3cf1d47842f
29.5.3,Corinthian,Corinth,141ff5f8fa1437e987e1c854d6d4c833
29.5.4,Corinthian,Corinth,141ff5f8fa1437e987e1c854d6d4c833
29.5.5,Boeotian,Boeotia,71efc3e1c0acef72ad77d3cf1d47842f
30.11.1,Boeotian,Boeotia,71efc3e1c0acef72ad77d3cf1d47842f
30.11.2,Corinthian,Corinth,141ff5f8fa1437e987e1c854d6d4c833
30.11.3,Corinthian,Corinth,141ff5f8fa1437e987e1c854d6d4c833
30.11.4,Attic,Attica,25f3b7fd01611b0126eb002d9df4dee2
30.4.1,Boeotian,Boeotia,71efc3e1c0acef72ad77d3cf1d47842f
30.4.2,Corinthian,Corinth,141ff5f8fa1437e987e1c854d6d4c833
31.6.1,Attic,Attica,25f3b7fd01611b0126eb002d9df4dee2
33.4.1,Boeotian,Boeotia,71efc3e1c0acef72ad77d3cf1d47842f
33.4.2,Boeotian,Boeotia,71efc3e1c0acef72ad77d3cf1d47842f
33.4.3,Attic,Attica,25f3b7fd01611b0126eb002d9df4dee2
34.10.1,Corinthian,Corinth,141ff5f8fa1437e987e1c854d6d4c833
34.10.10,Attic,Attica,25f3b7fd01611b0126eb002d9df4dee2
34.10.11,Corinthian,Corinth,141ff5f8fa1437e987e1c854d6d4c833
34.10.11,Boeotian,Boeotia,71efc3e1c0acef72ad77d3cf1d47842f
34.10.12,Boeotian,Boeotia,71efc3e1c0acef72ad77d3cf1d47842f
34.10.13,Attic,Attica,25f3b7fd01611b0126eb002d9df4dee2
34.10.15,Boeotian,Boeotia,71efc3e1c0acef72ad77d3cf1d47842f
34.10.16,Boeotian,Boeotia,71efc3e1c0acef72ad77d3cf1d47842f
34.10.17,Boeotian,Boeotia,71efc3e1c0acef72ad77d3cf1d47842f
34.10.18,Boeotian,Boeotia,71efc3e1c0acef72ad77d3cf1d47842f
34.10.19,Boeotian,Boeotia,71efc3e1c0acef72ad77d3cf1d47842f
34.10.2,Corinthian,Corinth,141ff5f8fa1437e987e1c854d6d4c833
34.10.20,Boeotian,Boeotia,71efc3e1c0acef72ad77d3cf1d47842f
34.10.21,Boeotian,Boeotia,71efc3e1c0acef72ad77d3cf1d47842f
34.10.22,Boeotian,Boeotia,71efc3e1c0acef72ad77d3cf1d47842f
34.10.23,Boeotian,Boeotia,71efc3e1c0acef72ad77d3cf1d47842f
34.10.24,Boeotian,Boeotia,71efc3e1c0acef72ad77d3cf1d47842f
34.10.25,Boeotian,Boeotia,71efc3e1c0acef72ad77d3cf1d47842f
34.10.26,Boeotian,Boeotia,71efc3e1c0acef72ad77d3cf1d47842f
34.10.27,Boeotian,Boeotia,71efc3e1c0acef72ad77d3cf1d47842f
34.10.3,Corinthian,Corinth,141ff5f8fa1437e987e1c854d6d4c833
34.10.4,Corinthian,Corinth,141ff5f8fa1437e987e1c854d6d4c833
34.10.5,Corinthian,Corinth,141ff5f8fa1437e987e1c854d6d4c833
34.10.6,Corinthian,Corinth,141ff5f8fa1437e987e1c854d6d4c833
34.10.7,Boeotian,Boeotia,71efc3e1c0acef72ad77d3cf1d47842f
34.10.8,Boeotian,Boeotia,71efc3e1c0acef72ad77d3cf1d47842f
34.10.9,Attic,Attica,25f3b7fd01611b0126eb002d9df4dee2
34.2.1,Boeotian,Boeotia,71efc3e1c0acef72ad77d3cf1d47842f
34.2.2,Boeotian,Boeotia,71efc3e1c0acef72ad77d3cf1d47842f
34.2.3,Corinthian,Corinth,141ff5f8fa1437e987e1c854d6d4c833
34.8.1,Attic,Attica,25f3b7fd01611b0126eb002d9df4dee2
34.8.11,Cyrenaic,Cyrene,5c30bc91b168cfc4ecf3cc02b5b7bc34
34.8.13,Boeotian,Boeotia,71efc3e1c0acef72ad77d3cf1d47842f
34.8.2,Attic,Attica,25f3b7fd01611b0126eb002d9df4dee2
34.8.3,Attic,Attica,25f3b7fd01611b0126eb002d9df4dee2
34.8.4,Attic,Attica,25f3b7fd01611b0126eb002d9df4dee2
34.8.5,Attic,Attica,25f3b7fd01611b0126eb002d9df4dee2
34.8.6,Attic,Attica,25f3b7fd01611b0126eb002d9df4dee2
34.8.7,Attic,Attica,25f3b7fd01611b0126eb002d9df4dee2
34.8.7.2,Attic,Attica,25f3b7fd01611b0126eb002d9df4dee2
34.8.7.3,Attic,Attica,25f3b7fd01611b0126eb002d9df4dee2
34.8.8,Attic,Attica,25f3b7fd01611b0126eb002d9df4dee2
34.8.9,Corinthian,Corinth,141ff5f8fa1437e987e1c854d6d4c833
35.4.1,Attic,Attica,25f3b7fd01611b0126eb002d9df4dee2
35.4.2,Euboean,Euboea,fe25feef53c2a53419b9cf5d730a80a4
35.4.3,Boeotian,Boeotia,71efc3e1c0acef72ad77d3cf1d47842f
35.4.4,Attic,Attica,25f3b7fd01611b0126eb002d9df4dee2
35.4.5,Boeotian,Boeotia,71efc3e1c0acef72ad77d3cf1d47842f
35.4.6,Attic,Attica,25f3b7fd01611b0126eb002d9df4dee2
35.5.1-3,Attic,Attica,25f3b7fd01611b0126eb002d9df4dee2
35.5.10,Attic,Attica,25f3b7fd01611b0126eb002d9df4dee2
35.5.11,Attic,Attica,25f3b7fd01611b0126eb002d9df4dee2
35.5.12-14,Attic,Attica,25f3b7fd01611b0126eb002d9df4dee2
35.5.15-19,Attic,Attica,25f3b7fd01611b0126eb002d9df4dee2
35.5.20-22,Attic,Attica,25f3b7fd01611b0126eb002d9df4dee2
35.5.23-26,Attic,Attica,25f3b7fd01611b0126eb002d9df4dee2
35.5.27-29,Attic,Attica,25f3b7fd01611b0126eb002d9df4dee2
35.5.30-33,Attic,Attica,25f3b7fd01611b0126eb002d9df4dee2
35.5.34,Attic,Attica,25f3b7fd01611b0126eb002d9df4dee2
35.5.34A-Q,Attic,Attica,25f3b7fd01611b0126eb002d9df4dee2
35.5.4-5,Attic,Attica,25f3b7fd01611b0126eb002d9df4dee2
35.5.6-7,Attic,Attica,25f3b7fd01611b0126eb002d9df4dee2
35.5.8-9,Attic,Attica,25f3b7fd01611b0126eb002d9df4dee2
37.11.1,Corinthian,Corinth,141ff5f8fa1437e987e1c854d6d4c833
37.11.2,Corinthian,Corinth,141ff5f8fa1437e987e1c854d6d4c833
37.11.3,Corinthian,Corinth,141ff5f8fa1437e987e1c854d6d4c833
37.11.4,Attic,Attica,25f3b7fd01611b0126eb002d9df4dee2
37.11.5,Attic,Attica,25f3b7fd01611b0126eb002d9df4dee2
37.11.6,Attic,Attica,25f3b7fd01611b0126eb002d9df4dee2
37.11.7,Etruscan,Etruria,d0d6df187c0159a2cf4e9a218b05653f
37.11.8,Alexandrian,Alexandria,e3a1fbc4db5e2b9182faa591c095aa88
37.7.1,Corinthian,Corinth,141ff5f8fa1437e987e1c854d6d4c833
37.7.2,Corinthian,Corinth,141ff5f8fa1437e987e1c854d6d4c833
37.7.3,Attic,Attica,25f3b7fd01611b0126eb002d9df4dee2
37.7.4,Attic,Attica,25f3b7fd01611b0126eb002d9df4dee2
37.7.5,Attic,Attica,25f3b7fd01611b0126eb002d9df4dee2
38.12.1,Attic,Attica,25f3b7fd01611b0126eb002d9df4dee2
38.4.1,Boeotian,Boeotia,71efc3e1c0acef72ad77d3cf1d47842f
38.4.6,Attic,Attica,25f3b7fd01611b0126eb002d9df4dee2
38.4.7,Attic,Attica,25f3b7fd01611b0126eb002d9df4dee2
38.4.8,Attic,Attica,25f3b7fd01611b0126eb002d9df4dee2
38.4.9,Boeotian,Boeotia,71efc3e1c0acef72ad77d3cf1d47842f
39.1.1,Attic,Attica,25f3b7fd01611b0126eb002d9df4dee2
39.1.2,Attic,Attica,25f3b7fd01611b0126eb002d9df4dee2
39.8.1,Attic,Attica,25f3b7fd01611b0126eb002d9df4dee2
39.8.2,Attic,Attica,25f3b7fd01611b0126eb002d9df4dee2
39.8.3,Attic,Attica,25f3b7fd01611b0126eb002d9df4dee2
39.8.4,Attic,Attica,25f3b7fd01611b0126eb002d9df4dee2
39.8.5,Attic,Attica,25f3b7fd01611b0126eb002d9df4dee2
39.9.2,Etruscan,Etruria,d0d6df187c0159a2cf4e9a218b05653f
39.9.3,Attic,Attica,25f3b7fd01611b0126eb002d9df4dee2
39.9.4,Corinthian,Corinth,141ff5f8fa1437e987e1c854d6d4c833
39.9.5,Corinthian,Corinth,141ff5f8fa1437e987e1c854d6d4c833
39.9.6,Corinthian,Corinth,141ff5f8fa1437e987e1c854d6d4c833
39.9.7,Boeotian,Boeotia,71efc3e1c0acef72ad77d3cf1d47842f
42.9.1,Attic,Attica,25f3b7fd01611b0126eb002d9df4dee2
43.11.2,Attic,Attica,25f3b7fd01611b0126eb002d9df4dee2
44.1.1,Corinthian,Corinth,141ff5f8fa1437e987e1c854d6d4c833
44.1.2,Attic,Attica,25f3b7fd01611b0126eb002d9df4dee2
44.4.1,Campanian,Campania,8c228487537c52ab41e544c8c9657c8d
45.1.1,Corinthian,Corinth,141ff5f8fa1437e987e1c854d6d4c833
45.10.1,Apulian,Apulia,0bfa573b9c541e696ef37a034b654cc5
45.10.10,Attic,Attica,25f3b7fd01611b0126eb002d9df4dee2
45.10.11,Attic,Attica,25f3b7fd01611b0126eb002d9df4dee2
45.10.13,Attic,Attica,25f3b7fd01611b0126eb002d9df4dee2
45.10.14.1,Attic,Attica,25f3b7fd01611b0126eb002d9df4dee2
45.10.14.2,Attic,Attica,25f3b7fd01611b0126eb002d9df4dee2
45.10.2,Etruscan,Etruria,d0d6df187c0159a2cf4e9a218b05653f
45.10.20,Attic,Attica,25f3b7fd01611b0126eb002d9df4dee2
45.10.22,Attic,Attica,25f3b7fd01611b0126eb002d9df4dee2
45.10.23,Attic,Attica,25f3b7fd01611b0126eb002d9df4dee2
45.10.29,Attic,Attica,25f3b7fd01611b0126eb002d9df4dee2
45.10.3,Etruscan,Etruria,d0d6df187c0159a2cf4e9a218b05653f
45.10.4,Attic,Attica,25f3b7fd01611b0126eb002d9df4dee2
45.10.5,Attic,Attica,25f3b7fd01611b0126eb002d9df4dee2
45.10.6,Attic,Attica,25f3b7fd01611b0126eb002d9df4dee2
45.10.7A-B,Attic,Attica,25f3b7fd01611b0126eb002d9df4dee2
45.10.9,Attic,Attica,25f3b7fd01611b0126eb002d9df4dee2
45.3.1,Etruscan,Etruria,d0d6df187c0159a2cf4e9a218b05653f
45.4.5,Sicilian,Sicily,b48d97bf448e4050e51aee91a51f22d6
45.4.5,Metapontine,Metapontum,782119c4357882f1a292e426dde3e3f5
45.4.5,Attic,Attica,25f3b7fd01611b0126eb002d9df4dee2
45.6.1,Corinthian,Corinth,141ff5f8fa1437e987e1c854d6d4c833
45.6.12,Attic,Attica,25f3b7fd01611b0126eb002d9df4dee2
45.6.13,Attic,Attica,25f3b7fd01611b0126eb002d9df4dee2
45.6.14,Attic,Attica,25f3b7fd01611b0126eb002d9df4dee2
45.6.15,Attic,Attica,25f3b7fd01611b0126eb002d9df4dee2
45.6.16,Attic,Attica,25f3b7fd01611b0126eb002d9df4dee2
45.6.17,Attic,Attica,25f3b7fd01611b0126eb002d9df4dee2
45.6.18,Attic,Attica,25f3b7fd01611b0126eb002d9df4dee2
45.6.2,Corinthian,Corinth,141ff5f8fa1437e987e1c854d6d4c833
45.6.20,Boeotian,Boeotia,71efc3e1c0acef72ad77d3cf1d47842f
45.6.22,Campanian,Campania,8c228487537c52ab41e544c8c9657c8d
45.6.25,Sicilian,Sicily,b48d97bf448e4050e51aee91a51f22d6
45.6.29,Attic,Attica,25f3b7fd01611b0126eb002d9df4dee2
45.6.3,Corinthian,Corinth,141ff5f8fa1437e987e1c854d6d4c833
45.6.30,Metapontine,Metapontum,782119c4357882f1a292e426dde3e3f5
45.6.31,Sicilian,Sicily,b48d97bf448e4050e51aee91a51f22d6
45.6.32,Sicilian,Sicily,b48d97bf448e4050e51aee91a51f22d6
45.6.33,Sicilian,Sicily,b48d97bf448e4050e51aee91a51f22d6
45.6.34,Sicilian,Sicily,b48d97bf448e4050e51aee91a51f22d6
45.6.37,Attic,Attica,25f3b7fd01611b0126eb002d9df4dee2
45.6.38,Campanian,Campania,8c228487537c52ab41e544c8c9657c8d
45.6.56,Sicilian,Sicily,b48d97bf448e4050e51aee91a51f22d6
45.6.6,Attic,Attica,25f3b7fd01611b0126eb002d9df4dee2
45.6.62-63,Sicilian,Sicily,b48d97bf448e4050e51aee91a51f22d6
45.6.66,Sicilian,Sicily,b48d97bf448e4050e51aee91a51f22d6
45.6.67,Sicilian,Sicily,b48d97bf448e4050e51aee91a51f22d6
45.6.69,Sicilian,Sicily,b48d97bf448e4050e51aee91a51f22d6
45.6.72,Lucanian,Lucania,2290208ce4ef45bb218d5f424af012a2
45.6.8,Attic,Attica,25f3b7fd01611b0126eb002d9df4dee2
45.6.9,Attic,Attica,25f3b7fd01611b0126eb002d9df4dee2
45.8.1,Attic,Attica,25f3b7fd01611b0126eb002d9df4dee2
45.8.2,Apulian,Apulia,0bfa573b9c541e696ef37a034b654cc5
45.9.1,Attic,Attica,25f3b7fd01611b0126eb002d9df4dee2
45.9.2,Attic,Attica,25f3b7fd01611b0126eb002d9df4dee2
45.9.2,Euboean,Euboea,fe25feef53c2a53419b9cf5d730a80a4
46.5.1,Boeotian,Boeotia,71efc3e1c0acef72ad77d3cf1d47842f
46.5.1A-B,Boeotian,Boeotia,71efc3e1c0acef72ad77d3cf1d47842f
46.9.1,Attic,Attica,25f3b7fd01611b0126eb002d9df4dee2
46.9.2,Boeotian,Boeotia,71efc3e1c0acef72ad77d3cf1d47842f
47.10.1,Corinthian,Corinth,141ff5f8fa1437e987e1c854d6d4c833
47.10.2,Boeotian,Boeotia,71efc3e1c0acef72ad77d3cf1d47842f
47.10.3A-B,Boeotian,Boeotia,71efc3e1c0acef72ad77d3cf1d47842f
47.12.15,Cypriote,Cyprus,d4b4b0d3bdb029e42b121b93c6c6c85f
47.2.1,Attic,Attica,25f3b7fd01611b0126eb002d9df4dee2
47.2.10,Attic,Attica,25f3b7fd01611b0126eb002d9df4dee2
47.2.11,Attic,Attica,25f3b7fd01611b0126eb002d9df4dee2
47.2.12,Attic,Attica,25f3b7fd01611b0126eb002d9df4dee2
47.2.15,Cypriote,Cyprus,d4b4b0d3bdb029e42b121b93c6c6c85f
47.2.17,Cypriote,Cyprus,d4b4b0d3bdb029e42b121b93c6c6c85f
47.2.19,Cypriote,Cyprus,d4b4b0d3bdb029e42b121b93c6c6c85f
47.2.21,Cypriote,Cyprus,d4b4b0d3bdb029e42b121b93c6c6c85f
47.2.22,Cypriote,Cyprus,d4b4b0d3bdb029e42b121b93c6c6c85f
47.2.23,Cypriote,Cyprus,d4b4b0d3bdb029e42b121b93c6c6c85f
47.2.24,Cypriote,Cyprus,d4b4b0d3bdb029e42b121b93c6c6c85f
47.2.26,Cypriote,Cyprus,d4b4b0d3bdb029e42b121b93c6c6c85f
47.2.27,Cypriote,Cyprus,d4b4b0d3bdb029e42b121b93c6c6c85f
47.2.28,Cypriote,Cyprus,d4b4b0d3bdb029e42b121b93c6c6c85f
47.2.29,Cypriote,Cyprus,d4b4b0d3bdb029e42b121b93c6c6c85f
47.2.3,Attic,Attica,25f3b7fd01611b0126eb002d9df4dee2
47.2.30,Cypriote,Cyprus,d4b4b0d3bdb029e42b121b93c6c6c85f
47.2.31,Cypriote,Cyprus,d4b4b0d3bdb029e42b121b93c6c6c85f
47.2.32,Cypriote,Cyprus,d4b4b0d3bdb029e42b121b93c6c6c85f
47.2.33,Cypriote,Cyprus,d4b4b0d3bdb029e42b121b93c6c6c85f
47.2.34,Cypriote,Cyprus,d4b4b0d3bdb029e42b121b93c6c6c85f
47.2.35,Cypriote,Cyprus,d4b4b0d3bdb029e42b121b93c6c6c85f
47.2.4,Attic,Attica,25f3b7fd01611b0126eb002d9df4dee2
47.2.5,Attic,Attica,25f3b7fd01611b0126eb002d9df4dee2
47.2.6,Attic,Attica,25f3b7fd01611b0126eb002d9df4dee2
47.2.7,Attic,Attica,25f3b7fd01611b0126eb002d9df4dee2
47.2.8,Attic,Attica,25f3b7fd01611b0126eb002d9df4dee2
47.2.9,Attic,Attica,25f3b7fd01611b0126eb002d9df4dee2
47.6.1,Etruscan,Etruria,d0d6df187c0159a2cf4e9a218b05653f
47.6.1,Pontic,Pontus,17c8d0b5f456cb28cfc0d82115a453c5
47.6.2A-B,Corinthian,Corinth,141ff5f8fa1437e987e1c854d6d4c833
47.7.1,Attic,Attica,25f3b7fd01611b0126eb002d9df4dee2
47.7.2,Attic,Attica,25f3b7fd01611b0126eb002d9df4dee2
47.7.3,Campanian,Campania,8c228487537c52ab41e544c8c9657c8d
47.8.1,Corinthian,Corinth,141ff5f8fa1437e987e1c854d6d4c833
48.11.8,Sicilian,Sicily,b48d97bf448e4050e51aee91a51f22d6
48.12.10,Attic,Attica,25f3b7fd01611b0126eb002d9df4dee2
48.12.11,Attic,Attica,25f3b7fd01611b0126eb002d9df4dee2
48.12.12,Attic,Attica,25f3b7fd01611b0126eb002d9df4dee2
48.12.13,Cypriote,Cyprus,d4b4b0d3bdb029e42b121b93c6c6c85f
48.12.3,Euboean,Euboea,fe25feef53c2a53419b9cf5d730a80a4
48.12.4,Corinthian,Corinth,141ff5f8fa1437e987e1c854d6d4c833
48.12.5,Corinthian,Corinth,141ff5f8fa1437e987e1c854d6d4c833
48.12.6,Etruscan,Etruria,d0d6df187c0159a2cf4e9a218b05653f
48.12.7,Etruscan,Etruria,d0d6df187c0159a2cf4e9a218b05653f
48.2.1,Boeotian,Boeotia,71efc3e1c0acef72ad77d3cf1d47842f
48.2.2,Attic,Attica,25f3b7fd01611b0126eb002d9df4dee2
48.4.1,Boeotian,Boeotia,71efc3e1c0acef72ad77d3cf1d47842f
48.5.1,Corinthian,Corinth,141ff5f8fa1437e987e1c854d6d4c833
48.5.2,Corinthian,Corinth,141ff5f8fa1437e987e1c854d6d4c833
49.1.1,Corinthian,Corinth,141ff5f8fa1437e987e1c854d6d4c833
49.1.2,Apulian,Apulia,0bfa573b9c541e696ef37a034b654cc5
49.12.1,Boeotian,Boeotia,71efc3e1c0acef72ad77d3cf1d47842f
49.4.1,Attic,Attica,25f3b7fd01611b0126eb002d9df4dee2
49.4.2,Apulian,Apulia,0bfa573b9c541e696ef37a034b654cc5
49.8.1,Apulian,Apulia,0bfa573b9c541e696ef37a034b654cc5
49.8.11,Corinthian,Corinth,141ff5f8fa1437e987e1c854d6d4c833
49.8.12,Attic,Attica,25f3b7fd01611b0126eb002d9df4dee2
49.8.2,Apulian,Apulia,0bfa573b9c541e696ef37a034b654cc5
49.8.3,Campanian,Campania,8c228487537c52ab41e544c8c9657c8d
49.8.4,Corinthian,Corinth,141ff5f8fa1437e987e1c854d6d4c833
49.8.5,Etruscan,Etruria,d0d6df187c0159a2cf4e9a218b05653f
49.8.6,Corinthian,Corinth,141ff5f8fa1437e987e1c854d6d4c833
49.8.7,Attic,Attica,25f3b7fd01611b0126eb002d9df4dee2
49.8.8,Attic,Attica,25f3b7fd01611b0126eb002d9df4dee2
49.8.9,Corinthian,Corinth,141ff5f8fa1437e987e1c854d6d4c833
50.10.1,Attic,Attica,25f3b7fd01611b0126eb002d9df4dee2
50.10.2,Boeotian,Boeotia,71efc3e1c0acef72ad77d3cf1d47842f
50.10.3,Attic,Attica,25f3b7fd01611b0126eb002d9df4dee2
50.10.4,Attic,Attica,25f3b7fd01611b0126eb002d9df4dee2
50.10.5,Attic,Attica,25f3b7fd01611b0126eb002d9df4dee2
50.10.6,Gnathian,Gnathia,b7d4ce48586c23a554a3c6a34e9e9403
50.3.1,Attic,Attica,25f3b7fd01611b0126eb002d9df4dee2
50.3.2,Etruscan,Etruria,d0d6df187c0159a2cf4e9a218b05653f
50.3.3,Etruscan,Etruria,d0d6df187c0159a2cf4e9a218b05653f
50.4.10,Attic,Attica,25f3b7fd01611b0126eb002d9df4dee2
50.4.11,Attic,Attica,25f3b7fd01611b0126eb002d9df4dee2
50.4.12,Attic,Attica,25f3b7fd01611b0126eb002d9df4dee2
50.4.13,Campanian,Campania,8c228487537c52ab41e544c8c9657c8d
50.4.14,Attic,Attica,25f3b7fd01611b0126eb002d9df4dee2
50.4.16,Attic,Attica,25f3b7fd01611b0126eb002d9df4dee2
50.4.18,Metapontine,Metapontum,782119c4357882f1a292e426dde3e3f5
50.4.19,Sicilian,Sicily,b48d97bf448e4050e51aee91a51f22d6
50.4.19,Campanian,Campania,8c228487537c52ab41e544c8c9657c8d
50.4.19,Metapontine,Metapontum,782119c4357882f1a292e426dde3e3f5
50.4.22,Apulian,Apulia,0bfa573b9c541e696ef37a034b654cc5
50.4.22,Tarentine,Tarentum,2dda4621fa5efbb538d96abb61a57ad6
50.4.25,Campanian,Campania,8c228487537c52ab41e544c8c9657c8d
50.4.3,Corinthian,Corinth,141ff5f8fa1437e987e1c854d6d4c833
50.4.5,Etruscan,Etruria,d0d6df187c0159a2cf4e9a218b05653f
50.4.6,Etruscan,Etruria,d0d6df187c0159a2cf4e9a218b05653f
50.4.7,Attic,Attica,25f3b7fd01611b0126eb002d9df4dee2
50.4.8,Apulian,Apulia,0bfa573b9c541e696ef37a034b654cc5
50.4.9,Etruscan,Etruria,d0d6df187c0159a2cf4e9a218b05653f
50.5.1,Etruscan,Etruria,d0d6df187c0159a2cf4e9a218b05653f
50.5.2,Paestan,Paestum,264ca009a6be9b23de0c0812a45a4dd2
50.5.3,Euboean,Euboea,fe25feef53c2a53419b9cf5d730a80a4
50.5.5,Campanian,Campania,8c228487537c52ab41e544c8c9657c8d
50.5.6,Attic,Attica,25f3b7fd01611b0126eb002d9df4dee2
51.1.1,Boeotian,Boeotia,71efc3e1c0acef72ad77d3cf1d47842f
51.1.2,Euboean,Euboea,fe25feef53c2a53419b9cf5d730a80a4
51.1.3,Laconian,Laconia,a4ef5299e7d52d07d5947c955dcd08af
51.1.4,Boeotian,Boeotia,71efc3e1c0acef72ad77d3cf1d47842f
51.4.1,Attic,Attica,25f3b7fd01611b0126eb002d9df4dee2
51.4.10,Attic,Attica,25f3b7fd01611b0126eb002d9df4dee2
51.4.11,Boeotian,Boeotia,71efc3e1c0acef72ad77d3cf1d47842f
51.4.11,Euboean,Euboea,fe25feef53c2a53419b9cf5d730a80a4
51.4.2,Attic,Attica,25f3b7fd01611b0126eb002d9df4dee2
51.4.3,Attic,Attica,25f3b7fd01611b0126eb002d9df4dee2
51.4.4,Attic,Attica,25f3b7fd01611b0126eb002d9df4dee2
51.4.5,Boeotian,Boeotia,71efc3e1c0acef72ad77d3cf1d47842f
51.4.6,Attic,Attica,25f3b7fd01611b0126eb002d9df4dee2
51.4.7,Attic,Attica,25f3b7fd01611b0126eb002d9df4dee2
51.4.8,Euboean,Euboea,fe25feef53c2a53419b9cf5d730a80a4
51.4.9,Attic,Attica,25f3b7fd01611b0126eb002d9df4dee2
51.7.1,Attic,Attica,25f3b7fd01611b0126eb002d9df4dee2
51.7.10,Campanian,Campania,8c228487537c52ab41e544c8c9657c8d
51.7.11,Paestan,Paestum,264ca009a6be9b23de0c0812a45a4dd2
51.7.12,Attic,Attica,25f3b7fd01611b0126eb002d9df4dee2
51.7.13,Apulian,Apulia,0bfa573b9c541e696ef37a034b654cc5
51.7.14,Paestan,Paestum,264ca009a6be9b23de0c0812a45a4dd2
51.7.15,Boeotian,Boeotia,71efc3e1c0acef72ad77d3cf1d47842f
51.7.16,Attic,Attica,25f3b7fd01611b0126eb002d9df4dee2
51.7.2,Attic,Attica,25f3b7fd01611b0126eb002d9df4dee2
51.7.3,Etruscan,Etruria,d0d6df187c0159a2cf4e9a218b05653f
51.7.5,Apulian,Apulia,0bfa573b9c541e696ef37a034b654cc5
51.7.7,Apulian,Apulia,0bfa573b9c541e696ef37a034b654cc5
51.7.8,Attic,Attica,25f3b7fd01611b0126eb002d9df4dee2
51.7.9,Corinthian,Corinth,141ff5f8fa1437e987e1c854d6d4c833
52.3.1,Attic,Attica,25f3b7fd01611b0126eb002d9df4dee2
52.3.2,Attic,Attica,25f3b7fd01611b0126eb002d9df4dee2
52.3.3,Etruscan,Etruria,d0d6df187c0159a2cf4e9a218b05653f
52.3.4,Boeotian,Boeotia,71efc3e1c0acef72ad77d3cf1d47842f
53.8.1,Campanian,Campania,8c228487537c52ab41e544c8c9657c8d
53.8.2,Etruscan,Etruria,d0d6df187c0159a2cf4e9a218b05653f
53.8.4,Boeotian,Boeotia,71efc3e1c0acef72ad77d3cf1d47842f
54.2.1,Corinthian,Corinth,141ff5f8fa1437e987e1c854d6d4c833
54.2.3,Carthaginian,Carthage,950f23bf8a0c9f929f0d09ca5d6c89f3
54.8.1,Attic,Attica,25f3b7fd01611b0126eb002d9df4dee2
55.1.1,Campanian,Campania,8c228487537c52ab41e544c8c9657c8d
56.8.1,Apulian,Apulia,0bfa573b9c541e696ef37a034b654cc5
56.8.2,Euboean,Euboea,fe25feef53c2a53419b9cf5d730a80a4
56.8.3,Euboean,Euboea,fe25feef53c2a53419b9cf5d730a80a4
56.8.4,Campanian,Campania,8c228487537c52ab41e544c8c9657c8d
56.8.5,Attic,Attica,25f3b7fd01611b0126eb002d9df4dee2
56.8.6,Etruscan,Etruria,d0d6df187c0159a2cf4e9a218b05653f
56.8.7,Attic,Attica,25f3b7fd01611b0126eb002d9df4dee2
56.8.8,Euboean,Euboea,fe25feef53c2a53419b9cf5d730a80a4
56.8.8,Eretrian,Eretria,7452667a61a29ad0ad470f221ae9376a
57.3.11,Sicilian,Sicily,b48d97bf448e4050e51aee91a51f22d6
57.7.9,Corinthian,Corinth,141ff5f8fa1437e987e1c854d6d4c833
58.2.1,Sicilian,Sicily,b48d97bf448e4050e51aee91a51f22d6
58.2.2,Sicilian,Sicily,b48d97bf448e4050e51aee91a51f22d6
58.2.3A,Sicilian,Sicily,b48d97bf448e4050e51aee91a51f22d6
58.2.3B,Sicilian,Sicily,b48d97bf448e4050e51aee91a51f22d6
58.2.4,Cypriote,Cyprus,d4b4b0d3bdb029e42b121b93c6c6c85f
58.2.5,Cypriote,Cyprus,d4b4b0d3bdb029e42b121b93c6c6c85f
58.2.6,Cypriote,Cyprus,d4b4b0d3bdb029e42b121b93c6c6c85f
59.6.1,Boeotian,Boeotia,71efc3e1c0acef72ad77d3cf1d47842f
60.1.1,Sicilian,Sicily,b48d97bf448e4050e51aee91a51f22d6
60.1.2,Sicilian,Sicily,b48d97bf448e4050e51aee91a51f22d6
60.1.3,Attic,Attica,25f3b7fd01611b0126eb002d9df4dee2
60.1.4A-B,Euboean,Euboea,fe25feef53c2a53419b9cf5d730a80a4
60.1.5,Euboean,Euboea,fe25feef53c2a53419b9cf5d730a80a4
60.8.1,Sicilian,Sicily,b48d97bf448e4050e51aee91a51f22d6
60.8.2,Euboean,Euboea,fe25feef53c2a53419b9cf5d730a80a4
60.8.3A-B,Euboean,Euboea,fe25feef53c2a53419b9cf5d730a80a4
61.6.3,Boeotian,Boeotia,71efc3e1c0acef72ad77d3cf1d47842f
61.6.4,Euboean,Euboea,fe25feef53c2a53419b9cf5d730a80a4
61.6.5,Euboean,Euboea,fe25feef53c2a53419b9cf5d730a80a4
62.10.1,Euboean,Euboea,fe25feef53c2a53419b9cf5d730a80a4
64.7.1,Corinthian,Corinth,141ff5f8fa1437e987e1c854d6d4c833
65.6.1,Attic,Attica,25f3b7fd01611b0126eb002d9df4dee2
67.6.3,Boeotian,Boeotia,71efc3e1c0acef72ad77d3cf1d47842f
67.7.1,Boeotian,Boeotia,71efc3e1c0acef72ad77d3cf1d47842f
68.12.2,Boeotian,Boeotia,71efc3e1c0acef72ad77d3cf1d47842f
68.12.3,Boeotian,Boeotia,71efc3e1c0acef72ad77d3cf1d47842f
69.7.1,Attic,Attica,25f3b7fd01611b0126eb002d9df4dee2
70.3.1,Attic,Attica,25f3b7fd01611b0126eb002d9df4dee2
70.3.3,Apulian,Apulia,0bfa573b9c541e696ef37a034b654cc5
70.3.3,Lucanian,Lucania,2290208ce4ef45bb218d5f424af012a2
71.12.1,Euboean,Euboea,fe25feef53c2a53419b9cf5d730a80a4
71.6.3,Attic,Attica,25f3b7fd01611b0126eb002d9df4dee2
73.10.1,Corinthian,Corinth,141ff5f8fa1437e987e1c854d6d4c833
73.6.4,Boeotian,Boeotia,71efc3e1c0acef72ad77d3cf1d47842f
73.9.1,Boeotian,Boeotia,71efc3e1c0acef72ad77d3cf1d47842f
73.9.2,Boeotian,Boeotia,71efc3e1c0acef72ad77d3cf1d47842f
73.9.23,Boeotian,Boeotia,71efc3e1c0acef72ad77d3cf1d47842f
73.9.3,Boeotian,Boeotia,71efc3e1c0acef72ad77d3cf1d47842f
73.9.30,Boeotian,Boeotia,71efc3e1c0acef72ad77d3cf1d47842f
73.9.31,Boeotian,Boeotia,71efc3e1c0acef72ad77d3cf1d47842f
73.9.32,Boeotian,Boeotia,71efc3e1c0acef72ad77d3cf1d47842f
73.9.33,Boeotian,Boeotia,71efc3e1c0acef72ad77d3cf1d47842f
73.9.34,Boeotian,Boeotia,71efc3e1c0acef72ad77d3cf1d47842f
73.9.35,Boeotian,Boeotia,71efc3e1c0acef72ad77d3cf1d47842f
73.9.36,Boeotian,Boeotia,71efc3e1c0acef72ad77d3cf1d47842f
73.9.4,Boeotian,Boeotia,71efc3e1c0acef72ad77d3cf1d47842f
73.9.5,Boeotian,Boeotia,71efc3e1c0acef72ad77d3cf1d47842f
73.9.6,Boeotian,Boeotia,71efc3e1c0acef72ad77d3cf1d47842f
73.9.7,Boeotian,Boeotia,71efc3e1c0acef72ad77d3cf1d47842f
73.9.9A-B,Boeotian,Boeotia,71efc3e1c0acef72ad77d3cf1d47842f
74.7.2,North African,Africa,815e06b8c64ee9edc02174e9a0f07f17
74.7.3,Sicilian,Sicily,b48d97bf448e4050e51aee91a51f22d6
74.7.5,Boeotian,Boeotia,71efc3e1c0acef72ad77d3cf1d47842f
76.6.1,Attic,Attica,25f3b7fd01611b0126eb002d9df4dee2
77.5.1.1-17,Attic,Attica,25f3b7fd01611b0126eb002d9df4dee2
78.12.1,Cypriote,Cyprus,d4b4b0d3bdb029e42b121b93c6c6c85f
78.12.10,Roman,Rome,a724bc995b30fb23f3844fdcb61e35ae
78.12.11,Roman,Rome,a724bc995b30fb23f3844fdcb61e35ae
78.12.12,Cypriote,Cyprus,d4b4b0d3bdb029e42b121b93c6c6c85f
78.12.14,Cypriote,Cyprus,d4b4b0d3bdb029e42b121b93c6c6c85f
78.12.15,Cypriote,Cyprus,d4b4b0d3bdb029e42b121b93c6c6c85f
78.12.16,Cypriote,Cyprus,d4b4b0d3bdb029e42b121b93c6c6c85f
78.12.17,Cypriote,Cyprus,d4b4b0d3bdb029e42b121b93c6c6c85f
78.12.18,Cypriote,Cyprus,d4b4b0d3bdb029e42b121b93c6c6c85f
78.12.19,Cypriote,Cyprus,d4b4b0d3bdb029e42b121b93c6c6c85f
78.12.20,Cypriote,Cyprus,d4b4b0d3bdb029e42b121b93c6c6c85f
78.12.21,Cypriote,Cyprus,d4b4b0d3bdb029e42b121b93c6c6c85f
78.12.22,Cypriote,Cyprus,d4b4b0d3bdb029e42b121b93c6c6c85f
78.12.3,Cypriote,Cyprus,d4b4b0d3bdb029e42b121b93c6c6c85f
78.12.4,Cypriote,Cyprus,d4b4b0d3bdb029e42b121b93c6c6c85f
78.12.5,Cypriote,Cyprus,d4b4b0d3bdb029e42b121b93c6c6c85f
78.12.6,Cypriote,Cyprus,d4b4b0d3bdb029e42b121b93c6c6c85f
78.12.7,Cypriote,Cyprus,d4b4b0d3bdb029e42b121b93c6c6c85f
78.12.8,Cypriote,Cyprus,d4b4b0d3bdb029e42b121b93c6c6c85f
78.7.1,Gnathian,Gnathia,b7d4ce48586c23a554a3c6a34e9e9403
79.1.1,Roman,Rome,a724bc995b30fb23f3844fdcb61e35ae
79.1.11,Spartan,Sparta,25cbf9e7c98b8b4570b8ca66754c7dc1
79.1.12,Roman,Rome,a724bc995b30fb23f3844fdcb61e35ae
79.1.17,Roman,Rome,a724bc995b30fb23f3844fdcb61e35ae
79.1.2,Attic,Attica,25f3b7fd01611b0126eb002d9df4dee2
79.1.3,Attic,Attica,25f3b7fd01611b0126eb002d9df4dee2
79.1.7,Roman,Rome,a724bc995b30fb23f3844fdcb61e35ae
79.1.7,Cypriote,Cyprus,d4b4b0d3bdb029e42b121b93c6c6c85f
79.1.9,Apulian,Apulia,0bfa573b9c541e696ef37a034b654cc5
79.3.37,Boeotian,Boeotia,71efc3e1c0acef72ad77d3cf1d47842f
80.7.1,Boeotian,Boeotia,71efc3e1c0acef72ad77d3cf1d47842f
81.9.1,Cypriote,Cyprus,d4b4b0d3bdb029e42b121b93c6c6c85f
83.11.2,Boeotian,Boeotia,71efc3e1c0acef72ad77d3cf1d47842f
83.11.3,Boeotian,Boeotia,71efc3e1c0acef72ad77d3cf1d47842f
83.11.4,Boeotian,Boeotia,71efc3e1c0acef72ad77d3cf1d47842f
83.11.5,Boeotian,Boeotia,71efc3e1c0acef72ad77d3cf1d47842f
83.4.1,Attic,Attica,25f3b7fd01611b0126eb002d9df4dee2
83.5.1,Attic,Attica,25f3b7fd01611b0126eb002d9df4dee2
83.5.2,North African,Africa,815e06b8c64ee9edc02174e9a0f07f17
83.9.1,Attic,Attica,25f3b7fd01611b0126eb002d9df4dee2
83.9.12,Attic,Attica,25f3b7fd01611b0126eb002d9df4dee2
83.9.2,Attic,Attica,25f3b7fd01611b0126eb002d9df4dee2
83.9.20,Attic,Attica,25f3b7fd01611b0126eb002d9df4dee2
83.9.23,Attic,Attica,25f3b7fd01611b0126eb002d9df4dee2
83.9.26A-C,Attic,Attica,25f3b7fd01611b0126eb002d9df4dee2
83.9.27,Attic,Attica,25f3b7fd01611b0126eb002d9df4dee2
83.9.28,Attic,Attica,25f3b7fd01611b0126eb002d9df4dee2
83.9.3,Attic,Attica,25f3b7fd01611b0126eb002d9df4dee2
83.9.30,Attic,Attica,25f3b7fd01611b0126eb002d9df4dee2
83.9.31,Attic,Attica,25f3b7fd01611b0126eb002d9df4dee2
83.9.32,Attic,Attica,25f3b7fd01611b0126eb002d9df4dee2
83.9.33,Attic,Attica,25f3b7fd01611b0126eb002d9df4dee2
83.9.34,Attic,Attica,25f3b7fd01611b0126eb002d9df4dee2
83.9.35,Attic,Attica,25f3b7fd01611b0126eb002d9df4dee2
83.9.36,Attic,Attica,25f3b7fd01611b0126eb002d9df4dee2
83.9.4,Attic,Attica,25f3b7fd01611b0126eb002d9df4dee2
83.9.5,Attic,Attica,25f3b7fd01611b0126eb002d9df4dee2
83.9.6,Attic,Attica,25f3b7fd01611b0126eb002d9df4dee2
83.9.7,Attic,Attica,25f3b7fd01611b0126eb002d9df4dee2
84.8.1,Attic,Attica,25f3b7fd01611b0126eb002d9df4dee2
84.8.2,Cypriote,Cyprus,d4b4b0d3bdb029e42b121b93c6c6c85f
84.8.3,Cypriote,Cyprus,d4b4b0d3bdb029e42b121b93c6c6c85f
84.8.4,Cypriote,Cyprus,d4b4b0d3bdb029e42b121b93c6c6c85f
85.3.1,Attic,Attica,25f3b7fd01611b0126eb002d9df4dee2
85.3.2,Corinthian,Corinth,141ff5f8fa1437e987e1c854d6d4c833
87.2.1,Boeotian,Boeotia,71efc3e1c0acef72ad77d3cf1d47842f
91.11.1,Roman,Rome,a724bc995b30fb23f3844fdcb61e35ae
91.11.2,Roman,Rome,a724bc995b30fb23f3844fdcb61e35ae
91.11.3,Roman,Rome,a724bc995b30fb23f3844fdcb61e35ae
91.11.4,Roman,Rome,a724bc995b30fb23f3844fdcb61e35ae
91.11.6A-B,Roman,Rome,a724bc995b30fb23f3844fdcb61e35ae
E.47.1,Roman,Rome,a724bc995b30fb23f3844fdcb61e35ae
E.62.56,Cypriote,Cyprus,d4b4b0d3bdb029e42b121b93c6c6c85f
L.2005.7.1,Paestan,Paestum,264ca009a6be9b23de0c0812a45a4dd2
L.2005.8.1,Attic,Attica,25f3b7fd01611b0126eb002d9df4dee2
L.2011.1.37,African,Africa,815e06b8c64ee9edc02174e9a0f07f17
REDMG:1926.99.50,Corinthian,Corinth,141ff5f8fa1437e987e1c854d6d4c833
REDMG:1926.99.52,Corinthian,Corinth,141ff5f8fa1437e987e1c854d6d4c833
REDMG:1926.99.54,Attic,Attica,25f3b7fd01611b0126eb002d9df4dee2
REDMG:1926.99.59,Boeotian,Boeotia,71efc3e1c0acef72ad77d3cf1d47842f
REDMG:1926.99.60,Corinthian,Corinth,141ff5f8fa1437e987e1c854d6d4c833
REDMG:1926.99.60,Attic,Attica,25f3b7fd01611b0126eb002d9df4dee2
REDMG:1926.99.61,Attic,Attica,25f3b7fd01611b0126eb002d9df4dee2
REDMG:1934.53.4,Etruscan,Etruria,d0d6df187c0159a2cf4e9a218b05653f
REDMG:1934.53.5,Faliscan,Falisci,75bf0d2c0bc105a3b07740a5271f5d8a
REDMG:1935.87.1,Apulian,Apulia,0bfa573b9c541e696ef37a034b654cc5
REDMG:1935.87.10,Corinthian,Corinth,141ff5f8fa1437e987e1c854d6d4c833
REDMG:1935.87.11,Corinthian,Corinth,141ff5f8fa1437e987e1c854d6d4c833
REDMG:1935.87.12,Corinthian,Corinth,141ff5f8fa1437e987e1c854d6d4c833
REDMG:1935.87.13,Attic,Attica,25f3b7fd01611b0126eb002d9df4dee2
REDMG:1935.87.14,Corinthian,Corinth,141ff5f8fa1437e987e1c854d6d4c833
REDMG:1935.87.16,Attic,Attica,25f3b7fd01611b0126eb002d9df4dee2
REDMG:1935.87.17,Corinthian,Corinth,141ff5f8fa1437e987e1c854d6d4c833
REDMG:1935.87.18A,Corinthian,Corinth,141ff5f8fa1437e987e1c854d6d4c833
REDMG:1935.87.18B,Corinthian,Corinth,141ff5f8fa1437e987e1c854d6d4c833
REDMG:1935.87.19,Corinthian,Corinth,141ff5f8fa1437e987e1c854d6d4c833
REDMG:1935.87.20,Corinthian,Corinth,141ff5f8fa1437e987e1c854d6d4c833
REDMG:1935.87.21,Protocorinthian,Corinth,141ff5f8fa1437e987e1c854d6d4c833
REDMG:1935.87.22,Corinthian,Corinth,141ff5f8fa1437e987e1c854d6d4c833
REDMG:1935.87.23,Apulian,Apulia,0bfa573b9c541e696ef37a034b654cc5
REDMG:1935.87.24,Attic,Attica,25f3b7fd01611b0126eb002d9df4dee2
REDMG:1935.87.25,Corinthian,Corinth,141ff5f8fa1437e987e1c854d6d4c833
REDMG:1935.87.26,Corinthian,Corinth,141ff5f8fa1437e987e1c854d6d4c833
REDMG:1935.87.27,Corinthian,Corinth,141ff5f8fa1437e987e1c854d6d4c833
REDMG:1935.87.28,Attic,Attica,25f3b7fd01611b0126eb002d9df4dee2
REDMG:1935.87.3,Apulian,Apulia,0bfa573b9c541e696ef37a034b654cc5
REDMG:1935.87.30,Corinthian,Corinth,141ff5f8fa1437e987e1c854d6d4c833
REDMG:1935.87.31A,Corinthian,Corinth,141ff5f8fa1437e987e1c854d6d4c833
REDMG:1935.87.31B,Corinthian,Corinth,141ff5f8fa1437e987e1c854d6d4c833
REDMG:1935.87.32,Apulian,Apulia,0bfa573b9c541e696ef37a034b654cc5
REDMG:1935.87.33,Apulian,Apulia,0bfa573b9c541e696ef37a034b654cc5
REDMG:1935.87.34,Apulian,Apulia,0bfa573b9c541e696ef37a034b654cc5
REDMG:1935.87.4,Apulian,Apulia,0bfa573b9c541e696ef37a034b654cc5
REDMG:1935.87.5,Attic,Attica,25f3b7fd01611b0126eb002d9df4dee2
REDMG:1935.87.6,Campanian,Campania,8c228487537c52ab41e544c8c9657c8d
REDMG:1935.87.7,Apulian,Apulia,0bfa573b9c541e696ef37a034b654cc5
REDMG:1935.87.8,Attic,Attica,25f3b7fd01611b0126eb002d9df4dee2
REDMG:1935.87.9,Attic,Attica,25f3b7fd01611b0126eb002d9df4dee2
REDMG:1942.5.6.1,Corinthian,Corinth,141ff5f8fa1437e987e1c854d6d4c833
REDMG:1942.5.6.2,Corinthian,Corinth,141ff5f8fa1437e987e1c854d6d4c833
REDMG:1947.13.1,Apulian,Apulia,0bfa573b9c541e696ef37a034b654cc5
REDMG:1950.25.1,Apulian,Apulia,0bfa573b9c541e696ef37a034b654cc5
REDMG:1951.113.3,Apulian,Apulia,0bfa573b9c541e696ef37a034b654cc5
REDMG:1951.113.3,Messapian,Messapioi,f3edfba4938ab3c32af7bf13c1dfcf17
REDMG:1951.130.1,Etruscan,Etruria,d0d6df187c0159a2cf4e9a218b05653f
REDMG:1951.131.1,Apulian,Apulia,0bfa573b9c541e696ef37a034b654cc5
REDMG:1951.132.1,Apulian,Apulia,0bfa573b9c541e696ef37a034b654cc5
REDMG:1951.133.1,Campanian,Campania,8c228487537c52ab41e544c8c9657c8d
REDMG:1951.134.1,Apulian,Apulia,0bfa573b9c541e696ef37a034b654cc5
REDMG:1951.136.1,Apulian,Apulia,0bfa573b9c541e696ef37a034b654cc5
REDMG:1951.137.1,Apulian,Apulia,0bfa573b9c541e696ef37a034b654cc5
REDMG:1951.138.1,Apulian,Apulia,0bfa573b9c541e696ef37a034b654cc5
REDMG:1951.139.1,Apulian,Apulia,0bfa573b9c541e696ef37a034b654cc5
REDMG:1951.140.1,Apulian,Apulia,0bfa573b9c541e696ef37a034b654cc5
REDMG:1951.141,Apulian,Apulia,0bfa573b9c541e696ef37a034b654cc5
REDMG:1951.142.1,Apulian,Apulia,0bfa573b9c541e696ef37a034b654cc5
REDMG:1951.143.1,Apulian,Apulia,0bfa573b9c541e696ef37a034b654cc5
REDMG:1951.144.1,Apulian,Apulia,0bfa573b9c541e696ef37a034b654cc5
REDMG:1951.144.1,Tarentine,Tarentum,2dda4621fa5efbb538d96abb61a57ad6
REDMG:1951.145,Corinthian,Corinth,141ff5f8fa1437e987e1c854d6d4c833
REDMG:1951.146,Corinthian,Corinth,141ff5f8fa1437e987e1c854d6d4c833
REDMG:1951.147.1,Apulian,Apulia,0bfa573b9c541e696ef37a034b654cc5
REDMG:1951.148,Apulian,Apulia,0bfa573b9c541e696ef37a034b654cc5
REDMG:1951.149.1,Attic,Attica,25f3b7fd01611b0126eb002d9df4dee2
REDMG:1951.150.1,Apulian,Apulia,0bfa573b9c541e696ef37a034b654cc5
REDMG:1951.151.1,Apulian,Apulia,0bfa573b9c541e696ef37a034b654cc5
REDMG:1951.152,Campanian,Campania,8c228487537c52ab41e544c8c9657c8d
REDMG:1951.152,Sicilian,Sicily,b48d97bf448e4050e51aee91a51f22d6
REDMG:1951.153.1,Apulian,Apulia,0bfa573b9c541e696ef37a034b654cc5
REDMG:1951.154,Etruscan,Etruria,d0d6df187c0159a2cf4e9a218b05653f
REDMG:1951.155,Etruscan,Etruria,d0d6df187c0159a2cf4e9a218b05653f
REDMG:1951.156.1,Attic,Attica,25f3b7fd01611b0126eb002d9df4dee2
REDMG:1951.157.1,Apulian,Apulia,0bfa573b9c541e696ef37a034b654cc5
REDMG:1951.158.1,Apulian,Apulia,0bfa573b9c541e696ef37a034b654cc5
REDMG:1951.159.1,Apulian,Apulia,0bfa573b9c541e696ef37a034b654cc5
REDMG:1951.160.1,Lucanian,Lucania,2290208ce4ef45bb218d5f424af012a2
REDMG:1951.161.1,Apulian,Apulia,0bfa573b9c541e696ef37a034b654cc5
REDMG:1951.1707,Corinthian,Corinth,141ff5f8fa1437e987e1c854d6d4c833
REDMG:1951.1708,Corinthian,Corinth,141ff5f8fa1437e987e1c854d6d4c833
REDMG:1951.1714,Cypriote,Cyprus,d4b4b0d3bdb029e42b121b93c6c6c85f
REDMG:1951.1715,Cypriote,Cyprus,d4b4b0d3bdb029e42b121b93c6c6c85f
REDMG:1951.1716,Cypriote,Cyprus,d4b4b0d3bdb029e42b121b93c6c6c85f
REDMG:1951.1717,Cypriote,Cyprus,d4b4b0d3bdb029e42b121b93c6c6c85f
REDMG:1951.1718,Cypriote,Cyprus,d4b4b0d3bdb029e42b121b93c6c6c85f
REDMG:1951.1718,Corinthian,Corinth,141ff5f8fa1437e987e1c854d6d4c833
REDMG:1953.25.1,Attic,Attica,25f3b7fd01611b0126eb002d9df4dee2
REDMG:1953.25.105,Roman,Rome,a724bc995b30fb23f3844fdcb61e35ae
REDMG:1953.25.12,Corinthian,Corinth,141ff5f8fa1437e987e1c854d6d4c833
REDMG:1953.25.13,Corinthian,Corinth,141ff5f8fa1437e987e1c854d6d4c833
REDMG:1953.25.14,Corinthian,Corinth,141ff5f8fa1437e987e1c854d6d4c833
REDMG:1953.25.15,Corinthian,Corinth,141ff5f8fa1437e987e1c854d6d4c833
REDMG:1953.25.16,Gnathian,Gnathia,b7d4ce48586c23a554a3c6a34e9e9403
REDMG:1953.25.17,Corinthian,Corinth,141ff5f8fa1437e987e1c854d6d4c833
REDMG:1953.25.18,Corinthian,Corinth,141ff5f8fa1437e987e1c854d6d4c833
REDMG:1953.25.19,Corinthian,Corinth,141ff5f8fa1437e987e1c854d6d4c833
REDMG:1953.25.2,Campanian,Campania,8c228487537c52ab41e544c8c9657c8d
REDMG:1953.25.2,Sicilian,Sicily,b48d97bf448e4050e51aee91a51f22d6
REDMG:1953.25.20,Corinthian,Corinth,141ff5f8fa1437e987e1c854d6d4c833
REDMG:1953.25.21,Attic,Attica,25f3b7fd01611b0126eb002d9df4dee2
REDMG:1953.25.22,Attic,Attica,25f3b7fd01611b0126eb002d9df4dee2
REDMG:1953.25.23,Attic,Attica,25f3b7fd01611b0126eb002d9df4dee2
REDMG:1953.25.25,Attic,Attica,25f3b7fd01611b0126eb002d9df4dee2
REDMG:1953.25.26,Attic,Attica,25f3b7fd01611b0126eb002d9df4dee2
REDMG:1953.25.27,Attic,Attica,25f3b7fd01611b0126eb002d9df4dee2
REDMG:1953.25.28,Attic,Attica,25f3b7fd01611b0126eb002d9df4dee2
REDMG:1953.25.29,Attic,Attica,25f3b7fd01611b0126eb002d9df4dee2
REDMG:1953.25.3,Corinthian,Corinth,141ff5f8fa1437e987e1c854d6d4c833
REDMG:1953.25.30,Corinthian,Corinth,141ff5f8fa1437e987e1c854d6d4c833
REDMG:1953.25.32,Apulian,Apulia,0bfa573b9c541e696ef37a034b654cc5
REDMG:1953.25.33,Campanian,Campania,8c228487537c52ab41e544c8c9657c8d
REDMG:1953.25.35,Apulian,Apulia,0bfa573b9c541e696ef37a034b654cc5
REDMG:1953.25.36,Campanian,Campania,8c228487537c52ab41e544c8c9657c8d
REDMG:1953.25.36,Attic,Attica,25f3b7fd01611b0126eb002d9df4dee2
REDMG:1953.25.37,Attic,Attica,25f3b7fd01611b0126eb002d9df4dee2
REDMG:1953.25.38,Corinthian,Corinth,141ff5f8fa1437e987e1c854d6d4c833
REDMG:1953.25.39,Campanian,Campania,8c228487537c52ab41e544c8c9657c8d
REDMG:1953.25.4,Corinthian,Corinth,141ff5f8fa1437e987e1c854d6d4c833
REDMG:1953.25.40,Campanian,Campania,8c228487537c52ab41e544c8c9657c8d
REDMG:1953.25.41,Campanian,Campania,8c228487537c52ab41e544c8c9657c8d
REDMG:1953.25.43,Corinthian,Corinth,141ff5f8fa1437e987e1c854d6d4c833
REDMG:1953.25.44,Corinthian,Corinth,141ff5f8fa1437e987e1c854d6d4c833
REDMG:1953.25.45,Attic,Attica,25f3b7fd01611b0126eb002d9df4dee2
REDMG:1953.25.46,Attic,Attica,25f3b7fd01611b0126eb002d9df4dee2
REDMG:1953.25.47,Attic,Attica,25f3b7fd01611b0126eb002d9df4dee2
REDMG:1953.25.48,Corinthian,Corinth,141ff5f8fa1437e987e1c854d6d4c833
REDMG:1953.25.49,Corinthian,Corinth,141ff5f8fa1437e987e1c854d6d4c833
REDMG:1953.25.5,Corinthian,Corinth,141ff5f8fa1437e987e1c854d6d4c833
REDMG:1953.25.50,Corinthian,Corinth,141ff5f8fa1437e987e1c854d6d4c833
REDMG:1953.25.51,Sicilian,Sicily,b48d97bf448e4050e51aee91a51f22d6
REDMG:1953.25.52,Sicilian,Sicily,b48d97bf448e4050e51aee91a51f22d6
REDMG:1953.25.53,Corinthian,Corinth,141ff5f8fa1437e987e1c854d6d4c833
REDMG:1953.25.54,Apulian,Apulia,0bfa573b9c541e696ef37a034b654cc5
REDMG:1953.25.55,Sicilian,Sicily,b48d97bf448e4050e51aee91a51f22d6
REDMG:1953.25.57,Corinthian,Corinth,141ff5f8fa1437e987e1c854d6d4c833
REDMG:1953.25.57,Sicilian,Sicily,b48d97bf448e4050e51aee91a51f22d6
REDMG:1953.25.59,Corinthian,Corinth,141ff5f8fa1437e987e1c854d6d4c833
REDMG:1953.25.6,Corinthian,Corinth,141ff5f8fa1437e987e1c854d6d4c833
REDMG:1953.25.60,Corinthian,Corinth,141ff5f8fa1437e987e1c854d6d4c833
REDMG:1953.25.61,Sicilian,Sicily,b48d97bf448e4050e51aee91a51f22d6
REDMG:1953.25.62,Sicilian,Sicily,b48d97bf448e4050e51aee91a51f22d6
REDMG:1953.25.64,Sicilian,Sicily,b48d97bf448e4050e51aee91a51f22d6
REDMG:1953.25.65,Etruscan,Etruria,d0d6df187c0159a2cf4e9a218b05653f
REDMG:1953.25.66,Campanian,Campania,8c228487537c52ab41e544c8c9657c8d
REDMG:1953.25.66,Sicilian,Sicily,b48d97bf448e4050e51aee91a51f22d6
REDMG:1953.25.67,Corinthian,Corinth,141ff5f8fa1437e987e1c854d6d4c833
REDMG:1953.25.68,Corinthian,Corinth,141ff5f8fa1437e987e1c854d6d4c833
REDMG:1953.25.69-70,Sicilian,Sicily,b48d97bf448e4050e51aee91a51f22d6
REDMG:1953.25.7,Attic,Attica,25f3b7fd01611b0126eb002d9df4dee2
REDMG:1953.25.75,Sicilian,Sicily,b48d97bf448e4050e51aee91a51f22d6
REDMG:1953.25.76,Attic,Attica,25f3b7fd01611b0126eb002d9df4dee2
REDMG:1953.25.78,Etruscan,Etruria,d0d6df187c0159a2cf4e9a218b05653f
REDMG:1953.25.8,Corinthian,Corinth,141ff5f8fa1437e987e1c854d6d4c833
REDMG:1953.25.89,Cypriote,Cyprus,d4b4b0d3bdb029e42b121b93c6c6c85f
REDMG:1953.25.9,Attic,Attica,25f3b7fd01611b0126eb002d9df4dee2
REDMG:1953.41.1,Attic,Attica,25f3b7fd01611b0126eb002d9df4dee2
REDMG:1958.111.1,Attic,Attica,25f3b7fd01611b0126eb002d9df4dee2
REDMG:1958.112.1,Attic,Attica,25f3b7fd01611b0126eb002d9df4dee2
REDMG:1958.117.1,Etruscan,Etruria,d0d6df187c0159a2cf4e9a218b05653f
REDMG:1958.13.1,Cypriote,Cyprus,d4b4b0d3bdb029e42b121b93c6c6c85f
REDMG:1958.16.1,Cypriote,Cyprus,d4b4b0d3bdb029e42b121b93c6c6c85f
REDMG:1958.19.1,Cypriote,Cyprus,d4b4b0d3bdb029e42b121b93c6c6c85f
REDMG:1958.23.1,Cypriote,Cyprus,d4b4b0d3bdb029e42b121b93c6c6c85f
REDMG:1958.33.1,Cypriote,Cyprus,d4b4b0d3bdb029e42b121b93c6c6c85f
REDMG:1958.37.1,Cypriote,Cyprus,d4b4b0d3bdb029e42b121b93c6c6c85f
REDMG:1958.39.1,Cypriot,Cyprus,d4b4b0d3bdb029e42b121b93c6c6c85f
REDMG:1958.52.1,Cypriote,Cyprus,d4b4b0d3bdb029e42b121b93c6c6c85f
REDMG:1961.150.1,Cypriote,Cyprus,d4b4b0d3bdb029e42b121b93c6c6c85f
REDMG:1961.150.2,Cypriote,Cyprus,d4b4b0d3bdb029e42b121b93c6c6c85f
REDMG:1961.150.3,Cypriote,Cyprus,d4b4b0d3bdb029e42b121b93c6c6c85f
REDMG:1961.150.4,Cypriote,Cyprus,d4b4b0d3bdb029e42b121b93c6c6c85f
REDMG:1961.199.3,Cypriote,Cyprus,d4b4b0d3bdb029e42b121b93c6c6c85f
REDMG:1962.184.33.21,Attic,Attica,25f3b7fd01611b0126eb002d9df4dee2
REDMG:1964.1154.1,Apulian,Apulia,0bfa573b9c541e696ef37a034b654cc5
REDMG:1964.1159.1,Boeotian,Boeotia,71efc3e1c0acef72ad77d3cf1d47842f
REDMG:1964.1601,Corinthian,Corinth,141ff5f8fa1437e987e1c854d6d4c833
REDMG:1964.1603.1,Corinthian,Corinth,141ff5f8fa1437e987e1c854d6d4c833
REDMG:1964.1604.1,Corinthian,Corinth,141ff5f8fa1437e987e1c854d6d4c833
REDMG:1964.1617.1,Etruscan,Etruria,d0d6df187c0159a2cf4e9a218b05653f
REDMG:1964.1620,Corinthian,Corinth,141ff5f8fa1437e987e1c854d6d4c833
REDMG:1964.1621,Cypriote,Cyprus,d4b4b0d3bdb029e42b121b93c6c6c85f
REDMG:1964.1622,Corinthian,Corinth,141ff5f8fa1437e987e1c854d6d4c833
REDMG:1964.1624,Corinthian,Corinth,141ff5f8fa1437e987e1c854d6d4c833
REDMG:1964.1625,Corinthian,Corinth,141ff5f8fa1437e987e1c854d6d4c833
REDMG:1964.1626,Corinthian,Corinth,141ff5f8fa1437e987e1c854d6d4c833
REDMG:1964.1628,Corinthian,Corinth,141ff5f8fa1437e987e1c854d6d4c833
REDMG:1964.1630,Corinthian,Corinth,141ff5f8fa1437e987e1c854d6d4c833
REDMG:1964.1631,Attic,Attica,25f3b7fd01611b0126eb002d9df4dee2
REDMG:1964.1632.1,Corinthian,Corinth,141ff5f8fa1437e987e1c854d6d4c833
REDMG:1964.1633.1,Corinthian,Corinth,141ff5f8fa1437e987e1c854d6d4c833
REDMG:1964.1648,Corinthian,Corinth,141ff5f8fa1437e987e1c854d6d4c833
REDMG:1964.1649,Corinthian,Corinth,141ff5f8fa1437e987e1c854d6d4c833
REDMG:1964.1657.1,Apulian,Apulia,0bfa573b9c541e696ef37a034b654cc5
REDMG:1964.1660,Corinthian,Corinth,141ff5f8fa1437e987e1c854d6d4c833
REDMG:1964.1662,Corinthian,Corinth,141ff5f8fa1437e987e1c854d6d4c833
REDMG:1964.1663,Corinthian,Corinth,141ff5f8fa1437e987e1c854d6d4c833
REDMG:1964.1666.1,Cypriote,Cyprus,d4b4b0d3bdb029e42b121b93c6c6c85f
REDMG:1964.1667.1,Campanian,Campania,8c228487537c52ab41e544c8c9657c8d
REDMG:1964.1667.1,Sicilian,Sicily,b48d97bf448e4050e51aee91a51f22d6
REDMG:1964.1668.1,Cypriote,Cyprus,d4b4b0d3bdb029e42b121b93c6c6c85f
REDMG:1964.1669,Corinthian,Corinth,141ff5f8fa1437e987e1c854d6d4c833
REDMG:1964.1670,Corinthian,Corinth,141ff5f8fa1437e987e1c854d6d4c833
REDMG:1964.1671,Corinthian,Corinth,141ff5f8fa1437e987e1c854d6d4c833
REDMG:1964.1672,Corinthian,Corinth,141ff5f8fa1437e987e1c854d6d4c833
REDMG:1964.1673,Corinthian,Corinth,141ff5f8fa1437e987e1c854d6d4c833
REDMG:1964.1674,Corinthian,Corinth,141ff5f8fa1437e987e1c854d6d4c833
REDMG:1964.1675.1,Corinthian,Corinth,141ff5f8fa1437e987e1c854d6d4c833
REDMG:1964.1676,Corinthian,Corinth,141ff5f8fa1437e987e1c854d6d4c833
REDMG:1964.1677.1,Corinthian,Corinth,141ff5f8fa1437e987e1c854d6d4c833
REDMG:1964.1678,Corinthian,Corinth,141ff5f8fa1437e987e1c854d6d4c833
REDMG:1964.1687.1,Corinthian,Corinth,141ff5f8fa1437e987e1c854d6d4c833
REDMG:1964.1691,Corinthian,Corinth,141ff5f8fa1437e987e1c854d6d4c833
REDMG:1964.1697.1,Cypriote,Cyprus,d4b4b0d3bdb029e42b121b93c6c6c85f
REDMG:1964.1699.1,Corinthian,Corinth,141ff5f8fa1437e987e1c854d6d4c833
REDMG:1964.1700.1,Cypriote,Cyprus,d4b4b0d3bdb029e42b121b93c6c6c85f
REDMG:1964.1703.1,Cypriote,Cyprus,d4b4b0d3bdb029e42b121b93c6c6c85f
REDMG:1964.1704.1,Cypriote,Cyprus,d4b4b0d3bdb029e42b121b93c6c6c85f
REDMG:1964.1705.1,Cypriote,Cyprus,d4b4b0d3bdb029e42b121b93c6c6c85f
REDMG:1964.1707.1,Corinthian,Corinth,141ff5f8fa1437e987e1c854d6d4c833
REDMG:1964.1710.1,Cypriote,Cyprus,d4b4b0d3bdb029e42b121b93c6c6c85f
REDMG:1997.209.1,Corinthian,Corinth,141ff5f8fa1437e987e1c854d6d4c833
REDMG:1997.209.4,Attic,Attica,25f3b7fd01611b0126eb002d9df4dee2
REDMG:1998.153.4,Corinthian,Corinth,141ff5f8fa1437e987e1c854d6d4c833
REDMG:2003.84.1,Cypriote,Cyprus,d4b4b0d3bdb029e42b121b93c6c6c85f
REDMG:2003.93.1,Cypriote,Cyprus,d4b4b0d3bdb029e42b121b93c6c6c85f
REDMG:2004.95.1,Attic,Attica,25f3b7fd01611b0126eb002d9df4dee2
REDMG:2004.96.1,Attic,Attica,25f3b7fd01611b0126eb002d9df4dee2
REDMG:2004.97.1,Boeotian,Boeotia,71efc3e1c0acef72ad77d3cf1d47842f
REDMG:2004.98.1,Attic,Attica,25f3b7fd01611b0126eb002d9df4dee2
TEMP.2002.2.54,Attic,Attica,25f3b7fd01611b0126eb002d9df4dee2
TEMP.2002.9.2,Attic,Attica,25f3b7fd01611b0126eb002d9df4dee2
TEMP.2002.9.26,Attic,Attica,25f3b7fd01611b0126eb002d9df4dee2
TEMP.2002.9.27,Argive,Argos,ffd1e4b10987de774adf9a329edd09cd
TEMP.2003.2.1,Attic,Attica,25f3b7fd01611b0126eb002d9df4dee2
TEMP.2003.2.2,Attic,Attica,25f3b7fd01611b0126eb002d9df4dee2
TEMP.2003.6.10,Attic,Attica,25f3b7fd01611b0126eb002d9df4dee2
TEMP.2003.6.11,Attic,Attica,25f3b7fd01611b0126eb002d9df4dee2
TEMP.2003.6.12,Attic,Attica,25f3b7fd01611b0126eb002d9df4dee2
TEMP.2003.6.13,Attic,Attica,25f3b7fd01611b0126eb002d9df4dee2
TEMP.2003.6.14,Attic,Attica,25f3b7fd01611b0126eb002d9df4dee2
TEMP.2003.6.22,Laconian,Laconia,a4ef5299e7d52d07d5947c955dcd08af
TEMP.2003.6.23,Attic,Attica,25f3b7fd01611b0126eb002d9df4dee2
TEMP.2003.6.24,Naucratite,Naucratis,f8a91c78393d0202ac83c62f2eaa7999
TEMP.2003.6.25,Naucratite,Naucratis,f8a91c78393d0202ac83c62f2eaa7999
TEMP.2003.6.26,Naucratite,Naucratis,f8a91c78393d0202ac83c62f2eaa7999
TEMP.2003.6.27,Naucratite,Naucratis,f8a91c78393d0202ac83c62f2eaa7999
TEMP.2003.6.8,Attic,Attica,25f3b7fd01611b0126eb002d9df4dee2
TEMP.2003.6.9,Naucratite,Naucratis,f8a91c78393d0202ac83c62f2eaa7999
TEMP.2003.7.2,Naucratite,Naucratis,f8a91c78393d0202ac83c62f2eaa7999
TEMP.2003.7.30,Laconian,Laconia,a4ef5299e7d52d07d5947c955dcd08af
TEMP.2003.7.4,Naucratite,Naucratis,f8a91c78393d0202ac83c62f2eaa7999
TEMP.2003.7.40,Boeotian,Boeotia,71efc3e1c0acef72ad77d3cf1d47842f
TEMP.2003.7.41,Samian,Samos,350ad36abc4fd66f04d02356c921fa6f
TEMP.2003.7.42,Attic,Attica,25f3b7fd01611b0126eb002d9df4dee2
TEMP.2003.7.5,Naucratite,Naucratis,f8a91c78393d0202ac83c62f2eaa7999
TEMP.2003.7.51,Etruscan,Etruria,d0d6df187c0159a2cf4e9a218b05653f
TEMP.2003.7.53A-B,Megarian,Megara,7f613f6d6963e2aad25ac28b6e1e2aad
TEMP.2003.7.54,Corinthian,Corinth,141ff5f8fa1437e987e1c854d6d4c833
TEMP.2003.7.55,Corinthian,Corinth,141ff5f8fa1437e987e1c854d6d4c833
TEMP.2003.7.56,Corinthian,Corinth,141ff5f8fa1437e987e1c854d6d4c833
TEMP.2003.7.57,Corinthian,Corinth,141ff5f8fa1437e987e1c854d6d4c833
TEMP.2003.7.58,Corinthian,Corinth,141ff5f8fa1437e987e1c854d6d4c833
TEMP.2003.7.59,Corinthian,Corinth,141ff5f8fa1437e987e1c854d6d4c833
TEMP.2003.7.6,Naucratite,Naucratis,f8a91c78393d0202ac83c62f2eaa7999
TEMP.2003.7.60,Corinthian,Corinth,141ff5f8fa1437e987e1c854d6d4c833
TEMP.2003.7.61,Corinthian,Corinth,141ff5f8fa1437e987e1c854d6d4c833
TEMP.2003.7.62A-C,Corinthian,Corinth,141ff5f8fa1437e987e1c854d6d4c833
TEMP.2003.7.65,Ionian,Ionia,9a5f681d55a91922476f9874b11401fb
TEMP.2003.7.66,Ionian,Ionia,9a5f681d55a91922476f9874b11401fb
TEMP.2003.7.67,Ionian,Ionia,9a5f681d55a91922476f9874b11401fb
TEMP.2003.7.68,Ionian,Ionia,9a5f681d55a91922476f9874b11401fb
TEMP.2003.7.69,Ionian,Ionia,9a5f681d55a91922476f9874b11401fb
TEMP.2003.7.7,Naucratite,Naucratis,f8a91c78393d0202ac83c62f2eaa7999
TEMP.2003.7.70,Ionian,Ionia,9a5f681d55a91922476f9874b11401fb
TEMP.2003.7.71,Ionian,Ionia,9a5f681d55a91922476f9874b11401fb
TEMP.2003.7.72,Ionian,Ionia,9a5f681d55a91922476f9874b11401fb
TEMP.2003.7.73,Ionian,Ionia,9a5f681d55a91922476f9874b11401fb
TEMP.2003.7.8,Naucratite,Naucratis,f8a91c78393d0202ac83c62f2eaa7999
TEMP.2006.8.4.81,Attic,Attica,25f3b7fd01611b0126eb002d9df4dee2
TEMP.2006.8.4.82,Attic,Attica,25f3b7fd01611b0126eb002d9df4dee2
TEMP.2006.8.4.83,Attic,Attica,25f3b7fd01611b0126eb002d9df4dee2
TEMP.2006.8.4.88,Attic,Attica,25f3b7fd01611b0126eb002d9df4dee2
TEMP.2006.8.4.90,Attic,Attica,25f3b7fd01611b0126eb002d9df4dee2
TEMP.2006.8.4.91,Attic,Attica,25f3b7fd01611b0126eb002d9df4dee2
TEMP.2006.8.4.92,Attic,Attica,25f3b7fd01611b0126eb002d9df4dee2
TEMP.2006.8.4.93,Attic,Attica,25f3b7fd01611b0126eb002d9df4dee2
TEMP.2006.8.4.94,Attic,Attica,25f3b7fd01611b0126eb002d9df4dee2
TEMP.2006.8.4.97,Attic,Attica,25f3b7fd01611b0126eb002d9df4dee2
TEMP.2006.8.4.99,Attic,Attica,25f3b7fd01611b0126eb002d9df4dee2
TEMP.2007. 2.69,Attic,Attica,25f3b7fd01611b0126eb002d9df4dee2
TEMP.2007.2 29,Attic,Attica,25f3b7fd01611b0126eb002d9df4dee2
TEMP.2007.2.27,Attic,Attica,25f3b7fd01611b0126eb002d9df4dee2
TEMP.2007.2.28,Attic,Attica,25f3b7fd01611b0126eb002d9df4dee2
TEMP.2007.2.30,Attic,Attica,25f3b7fd01611b0126eb002d9df4dee2
TEMP.2007.2.31,Attic,Attica,25f3b7fd01611b0126eb002d9df4dee2
TEMP.2007.2.32,Attic,Attica,25f3b7fd01611b0126eb002d9df4dee2
TEMP.2007.2.33,Attic,Attica,25f3b7fd01611b0126eb002d9df4dee2
TEMP.2007.2.34,Attic,Attica,25f3b7fd01611b0126eb002d9df4dee2
TEMP.2007.2.35,Attic,Attica,25f3b7fd01611b0126eb002d9df4dee2
TEMP.2007.2.36,Attic,Attica,25f3b7fd01611b0126eb002d9df4dee2
TEMP.2007.2.37,Attic,Attica,25f3b7fd01611b0126eb002d9df4dee2
TEMP.2007.2.38,Attic,Attica,25f3b7fd01611b0126eb002d9df4dee2
TEMP.2007.2.39,Attic,Attica,25f3b7fd01611b0126eb002d9df4dee2
TEMP.2007.2.40,Attic,Attica,25f3b7fd01611b0126eb002d9df4dee2
TEMP.2007.2.41,Attic,Attica,25f3b7fd01611b0126eb002d9df4dee2
TEMP.2007.2.42,Attic,Attica,25f3b7fd01611b0126eb002d9df4dee2
TEMP.2007.2.43,Attic,Attica,25f3b7fd01611b0126eb002d9df4dee2
TEMP.2007.2.45,Attic,Attica,25f3b7fd01611b0126eb002d9df4dee2
TEMP.2007.2.46,Attic,Attica,25f3b7fd01611b0126eb002d9df4dee2
TEMP.2007.2.47,Attic,Attica,25f3b7fd01611b0126eb002d9df4dee2
TEMP.2007.2.48,Attic,Attica,25f3b7fd01611b0126eb002d9df4dee2
TEMP.2007.2.49,Attic,Attica,25f3b7fd01611b0126eb002d9df4dee2
TEMP.2007.2.50,Attic,Attica,25f3b7fd01611b0126eb002d9df4dee2
TEMP.2007.2.51,Attic,Attica,25f3b7fd01611b0126eb002d9df4dee2
TEMP.2007.2.52,Attic,Attica,25f3b7fd01611b0126eb002d9df4dee2
TEMP.2007.2.53,Attic,Attica,25f3b7fd01611b0126eb002d9df4dee2
TEMP.2007.2.54,Attic,Attica,25f3b7fd01611b0126eb002d9df4dee2
TEMP.2007.2.55,Attic,Attica,25f3b7fd01611b0126eb002d9df4dee2
TEMP.2007.2.56,Attic,Attica,25f3b7fd01611b0126eb002d9df4dee2
TEMP.2007.2.57,Attic,Attica,25f3b7fd01611b0126eb002d9df4dee2
TEMP.2007.2.58,Attic,Attica,25f3b7fd01611b0126eb002d9df4dee2
TEMP.2007.2.59,Attic,Attica,25f3b7fd01611b0126eb002d9df4dee2
TEMP.2007.2.60,Attic,Attica,25f3b7fd01611b0126eb002d9df4dee2
TEMP.2007.2.61,Attic,Attica,25f3b7fd01611b0126eb002d9df4dee2
TEMP.2007.2.62,Attic,Attica,25f3b7fd01611b0126eb002d9df4dee2
TEMP.2007.2.63,Attic,Attica,25f3b7fd01611b0126eb002d9df4dee2
TEMP.2007.2.64,Attic,Attica,25f3b7fd01611b0126eb002d9df4dee2
TEMP.2007.2.65,Attic,Attica,25f3b7fd01611b0126eb002d9df4dee2
TEMP.2007.2.66,Attic,Attica,25f3b7fd01611b0126eb002d9df4dee2
TEMP.2007.2.67,Attic,Attica,25f3b7fd01611b0126eb002d9df4dee2
TEMP.2007.2.68,Attic,Attica,25f3b7fd01611b0126eb002d9df4dee2
TEMP.2007.2.70,Attic,Attica,25f3b7fd01611b0126eb002d9df4dee2
